land,wohnsitz,jahr,monat,ankuenfte_anzahl,ankuenfte_veraenderung_zum_vorjahreszeitraum_prozent,uebernachtungen_anzahl,uebernachtungen_veraenderung_zum_vorjahreszeitraum_prozent,durchsch_aufenthaltsdauer_tage
Schleswig-Holstein,Inland,2006,Januar,753.0,-1.6,1781.0,-30.7,2.4
Schleswig-Holstein,Ausland,2006,Januar,34.0,-44.3,65.0,-57.5,1.9
Schleswig-Holstein,Gesamt,2006,Januar,787.0,-4.7,1846.0,-32.2,2.3
Hamburg,Inland,2006,Januar,.,.,.,.,.
Hamburg,Ausland,2006,Januar,.,.,.,.,.
Hamburg,Gesamt,2006,Januar,.,.,.,.,.
Niedersachsen,Inland,2006,Januar,3860.0,3.3,20440.0,41.9,5.3
Niedersachsen,Ausland,2006,Januar,191.0,-10.3,846.0,10.3,4.4
Niedersachsen,Gesamt,2006,Januar,4051.0,2.6,21286.0,40.3,5.3
Bremen,Inland,2006,Januar,.,.,.,.,.
Bremen,Ausland,2006,Januar,.,.,.,.,.
Bremen,Gesamt,2006,Januar,.,.,.,.,.
Nordrhein-Westfalen,Inland,2006,Januar,2870.0,-5.8,10116.0,11.7,3.5
Nordrhein-Westfalen,Ausland,2006,Januar,462.0,-4.9,2421.0,49.3,5.2
Nordrhein-Westfalen,Gesamt,2006,Januar,3332.0,-5.7,12537.0,17.4,3.8
Hessen,Inland,2006,Januar,2497.0,6.1,10014.0,1.7,4.0
Hessen,Ausland,2006,Januar,316.0,66.3,886.0,16.6,2.8
Hessen,Gesamt,2006,Januar,2813.0,10.6,10900.0,2.8,3.9
Rheinland-Pfalz,Inland,2006,Januar,1488.0,-7.6,5638.0,10.3,3.8
Rheinland-Pfalz,Ausland,2006,Januar,610.0,24.7,2222.0,61.4,3.6
Rheinland-Pfalz,Gesamt,2006,Januar,2098.0,0.0,7860.0,21.1,3.7
Baden-Württemberg,Inland,2006,Januar,4184.0,8.0,22425.0,0.5,5.4
Baden-Württemberg,Ausland,2006,Januar,992.0,16.3,3369.0,6.0,3.4
Baden-Württemberg,Gesamt,2006,Januar,5176.0,9.5,25794.0,1.2,5.0
Bayern,Inland,2006,Januar,10676.0,5.9,87924.0,0.2,8.2
Bayern,Ausland,2006,Januar,1409.0,27.6,4632.0,14.7,3.3
Bayern,Gesamt,2006,Januar,12085.0,8.0,92556.0,0.8,7.7
Saarland,Inland,2006,Januar,27.0,42.1,109.0,2.8,4.0
Saarland,Ausland,2006,Januar,7.0,40.0,19.0,-34.5,2.7
Saarland,Gesamt,2006,Januar,34.0,41.7,128.0,-5.2,3.8
Berlin,Inland,2006,Januar,168.0,41.2,1107.0,116.2,6.6
Berlin,Ausland,2006,Januar,59.0,25.5,139.0,4.5,2.4
Berlin,Gesamt,2006,Januar,227.0,36.7,1246.0,93.2,5.5
Brandenburg,Inland,2006,Januar,138.0,5.3,558.0,-30.5,4.0
Brandenburg,Ausland,2006,Januar,5.0,150.0,8.0,-91.4,1.6
Brandenburg,Gesamt,2006,Januar,143.0,7.5,566.0,-36.8,4.0
Mecklenburg-Vorpommern,Inland,2006,Januar,1028.0,-19.6,4545.0,-8.3,4.4
Mecklenburg-Vorpommern,Ausland,2006,Januar,2.0,-80.0,2.0,-87.5,1.0
Mecklenburg-Vorpommern,Gesamt,2006,Januar,1030.0,-20.1,4547.0,-8.6,4.4
Sachsen,Inland,2006,Januar,375.0,-19.9,2193.0,-9.8,5.8
Sachsen,Ausland,2006,Januar,5.0,-81.5,47.0,-53.9,9.4
Sachsen,Gesamt,2006,Januar,380.0,-23.2,2240.0,-11.6,5.9
Sachsen-Anhalt,Inland,2006,Januar,762.0,109.3,2599.0,108.9,3.4
Sachsen-Anhalt,Ausland,2006,Januar,8.0,-27.3,21.0,-16.0,2.6
Sachsen-Anhalt,Gesamt,2006,Januar,770.0,105.3,2620.0,106.5,3.4
Thüringen,Inland,2006,Januar,594.0,10.2,3371.0,25.0,5.7
Thüringen,Ausland,2006,Januar,18.0,12.5,248.0,67.6,13.8
Thüringen,Gesamt,2006,Januar,612.0,10.3,3619.0,27.3,5.9
Gesamt,Inland,2006,Januar,29435.0,3.2,173020.0,5.1,5.9
Gesamt,Ausland,2006,Januar,4121.0,17.3,14940.0,20.1,3.6
Schleswig-Holstein,Inland,2006,Februar,643.0,-8.0,1442.0,-34.4,2.2
Schleswig-Holstein,Ausland,2006,Februar,79.0,21.5,153.0,8.5,1.9
Schleswig-Holstein,Gesamt,2006,Februar,722.0,-5.5,1595.0,-31.8,2.2
Hamburg,Inland,2006,Februar,.,.,.,.,.
Hamburg,Ausland,2006,Februar,.,.,.,.,.
Hamburg,Gesamt,2006,Februar,.,.,.,.,.
Niedersachsen,Inland,2006,Februar,2946.0,-2.7,13687.0,32.8,4.6
Niedersachsen,Ausland,2006,Februar,341.0,-3.9,1154.0,-20.9,3.4
Niedersachsen,Gesamt,2006,Februar,3287.0,-2.9,14841.0,26.1,4.5
Bremen,Inland,2006,Februar,.,.,.,.,.
Bremen,Ausland,2006,Februar,.,.,.,.,.
Bremen,Gesamt,2006,Februar,.,.,.,.,.
Nordrhein-Westfalen,Inland,2006,Februar,2852.0,-10.9,7920.0,-18.6,2.8
Nordrhein-Westfalen,Ausland,2006,Februar,883.0,6.0,3333.0,4.8,3.8
Nordrhein-Westfalen,Gesamt,2006,Februar,3735.0,-7.4,11253.0,-12.8,3.0
Hessen,Inland,2006,Februar,2122.0,-12.7,7982.0,-13.6,3.8
Hessen,Ausland,2006,Februar,155.0,-29.5,478.0,-19.9,3.1
Hessen,Gesamt,2006,Februar,2277.0,-14.1,8460.0,-14.0,3.7
Rheinland-Pfalz,Inland,2006,Februar,3245.0,25.1,7808.0,1.1,2.4
Rheinland-Pfalz,Ausland,2006,Februar,690.0,-18.2,2028.0,-12.3,2.9
Rheinland-Pfalz,Gesamt,2006,Februar,3935.0,14.5,9836.0,-2.0,2.5
Baden-Württemberg,Inland,2006,Februar,3385.0,-4.2,15008.0,-16.6,4.4
Baden-Württemberg,Ausland,2006,Februar,1086.0,8.2,2992.0,-23.4,2.8
Baden-Württemberg,Gesamt,2006,Februar,4471.0,-1.5,18000.0,-17.8,4.0
Bayern,Inland,2006,Februar,8501.0,-1.7,52376.0,-13.6,6.2
Bayern,Ausland,2006,Februar,1595.0,19.8,5982.0,-3.7,3.8
Bayern,Gesamt,2006,Februar,10096.0,1.2,58358.0,-12.7,5.8
Saarland,Inland,2006,Februar,30.0,7.1,80.0,-26.6,2.7
Saarland,Ausland,2006,Februar,11.0,.,38.0,.,3.5
Saarland,Gesamt,2006,Februar,41.0,46.4,118.0,8.3,2.9
Berlin,Inland,2006,Februar,102.0,36.0,645.0,40.5,6.3
Berlin,Ausland,2006,Februar,5.0,-61.5,31.0,-16.2,6.2
Berlin,Gesamt,2006,Februar,107.0,21.6,676.0,36.3,6.3
Brandenburg,Inland,2006,Februar,128.0,58.0,393.0,-12.9,3.1
Brandenburg,Ausland,2006,Februar,4.0,300.0,36.0,125.0,9.0
Brandenburg,Gesamt,2006,Februar,132.0,61.0,429.0,-8.1,3.3
Mecklenburg-Vorpommern,Inland,2006,Februar,804.0,3.9,2995.0,-13.9,3.7
Mecklenburg-Vorpommern,Ausland,2006,Februar,2.0,-91.7,282.0,25.9,141.0
Mecklenburg-Vorpommern,Gesamt,2006,Februar,806.0,1.0,3277.0,-11.5,4.1
Sachsen,Inland,2006,Februar,272.0,-74.8,1192.0,-58.6,4.4
Sachsen,Ausland,2006,Februar,17.0,30.8,58.0,100.0,3.4
Sachsen,Gesamt,2006,Februar,289.0,-73.5,1250.0,-57.0,4.3
Sachsen-Anhalt,Inland,2006,Februar,317.0,6.7,1533.0,46.0,4.8
Sachsen-Anhalt,Ausland,2006,Februar,19.0,-13.6,107.0,11.5,5.6
Sachsen-Anhalt,Gesamt,2006,Februar,336.0,5.3,1640.0,43.1,4.9
Thüringen,Inland,2006,Februar,274.0,-3.9,1830.0,59.8,6.7
Thüringen,Ausland,2006,Februar,5.0,-61.5,50.0,-40.5,10.0
Thüringen,Gesamt,2006,Februar,279.0,-6.4,1880.0,53.0,6.7
Gesamt,Inland,2006,Februar,26161.0,-3.3,116741.0,-8.7,4.5
Gesamt,Ausland,2006,Februar,4923.0,3.8,16760.0,-8.4,3.4
Schleswig-Holstein,Inland,2006,März,1458.0,-83.4,4522.0,-88.8,3.1
Schleswig-Holstein,Ausland,2006,März,127.0,-84.9,350.0,-85.9,2.8
Schleswig-Holstein,Gesamt,2006,März,1585.0,-83.5,4872.0,-88.6,3.1
Hamburg,Inland,2006,März,.,.,.,.,.
Hamburg,Ausland,2006,März,.,.,.,.,.
Hamburg,Gesamt,2006,März,.,.,.,.,.
Niedersachsen,Inland,2006,März,4897.0,-83.3,22363.0,-82.7,4.6
Niedersachsen,Ausland,2006,März,860.0,-27.0,3052.0,-33.6,3.5
Niedersachsen,Gesamt,2006,März,5757.0,-81.1,25415.0,-81.0,4.4
Bremen,Inland,2006,März,.,.,.,.,.
Bremen,Ausland,2006,März,.,.,.,.,.
Bremen,Gesamt,2006,März,.,.,.,.,.
Nordrhein-Westfalen,Inland,2006,März,5071.0,-52.0,12122.0,-62.2,2.4
Nordrhein-Westfalen,Ausland,2006,März,824.0,-32.2,2224.0,-43.8,2.7
Nordrhein-Westfalen,Gesamt,2006,März,5895.0,-49.9,14346.0,-60.2,2.4
Hessen,Inland,2006,März,3528.0,-44.9,12523.0,-46.1,3.5
Hessen,Ausland,2006,März,366.0,-21.3,1369.0,-3.0,3.7
Hessen,Gesamt,2006,März,3894.0,-43.3,13892.0,-43.6,3.6
Rheinland-Pfalz,Inland,2006,März,2928.0,-72.8,8544.0,-75.6,2.9
Rheinland-Pfalz,Ausland,2006,März,872.0,-55.7,2477.0,-55.5,2.8
Rheinland-Pfalz,Gesamt,2006,März,3800.0,-70.1,11021.0,-72.9,2.9
Baden-Württemberg,Inland,2006,März,5244.0,-65.8,22398.0,-63.6,4.3
Baden-Württemberg,Ausland,2006,März,1207.0,-46.7,4246.0,-38.1,3.5
Baden-Württemberg,Gesamt,2006,März,6451.0,-63.3,26644.0,-61.1,4.1
Bayern,Inland,2006,März,9164.0,-55.5,60691.0,-43.2,6.6
Bayern,Ausland,2006,März,1263.0,-47.2,3687.0,-43.0,2.9
Bayern,Gesamt,2006,März,10427.0,-54.6,64378.0,-43.2,6.2
Saarland,Inland,2006,März,49.0,-75.4,443.0,-50.1,9.0
Saarland,Ausland,2006,März,12.0,-45.5,29.0,20.8,2.4
Saarland,Gesamt,2006,März,61.0,-72.4,472.0,-48.2,7.7
Berlin,Inland,2006,März,188.0,-77.8,641.0,-77.4,3.4
Berlin,Ausland,2006,März,110.0,-38.5,296.0,-44.8,2.7
Berlin,Gesamt,2006,März,298.0,-71.0,937.0,-72.2,3.1
Brandenburg,Inland,2006,März,186.0,-91.0,698.0,-89.2,3.8
Brandenburg,Ausland,2006,März,.,.,.,.,.
Brandenburg,Gesamt,2006,März,186.0,-91.3,698.0,-89.5,3.8
Mecklenburg-Vorpommern,Inland,2006,März,1531.0,-81.0,6432.0,-75.9,4.2
Mecklenburg-Vorpommern,Ausland,2006,März,15.0,-90.4,42.0,-94.0,2.8
Mecklenburg-Vorpommern,Gesamt,2006,März,1546.0,-81.2,6474.0,-76.4,4.2
Sachsen,Inland,2006,März,331.0,-86.0,1446.0,-78.2,4.4
Sachsen,Ausland,2006,März,18.0,-14.3,51.0,-30.1,2.8
Sachsen,Gesamt,2006,März,349.0,-85.4,1497.0,-77.6,4.3
Sachsen-Anhalt,Inland,2006,März,365.0,-77.1,1105.0,-78.3,3.0
Sachsen-Anhalt,Ausland,2006,März,27.0,-49.1,102.0,-35.0,3.8
Sachsen-Anhalt,Gesamt,2006,März,392.0,-76.2,1207.0,-77.0,3.1
Thüringen,Inland,2006,März,325.0,-59.1,1094.0,-56.7,3.4
Thüringen,Ausland,2006,März,8.0,-33.3,14.0,-56.2,1.8
Thüringen,Gesamt,2006,März,333.0,-58.7,1108.0,-56.7,3.3
Gesamt,Inland,2006,März,35752.0,-69.9,156855.0,-67.5,4.4
Gesamt,Ausland,2006,März,5738.0,-47.4,17980.0,-45.8,3.1
Schleswig-Holstein,Inland,2006,April,27155.0,109.2,123520.0,111.2,4.5
Schleswig-Holstein,Ausland,2006,April,2394.0,47.1,7143.0,80.5,3.0
Schleswig-Holstein,Gesamt,2006,April,29549.0,102.3,130663.0,109.2,4.4
Hamburg,Inland,2006,April,.,.,.,.,.
Hamburg,Ausland,2006,April,.,.,.,.,.
Hamburg,Gesamt,2006,April,.,.,.,.,.
Niedersachsen,Inland,2006,April,53321.0,108.7,281239.0,139.2,5.3
Niedersachsen,Ausland,2006,April,4485.0,109.6,17608.0,260.9,3.9
Niedersachsen,Gesamt,2006,April,57806.0,108.7,298847.0,144.1,5.2
Bremen,Inland,2006,April,.,.,.,.,.
Bremen,Ausland,2006,April,.,.,.,.,.
Bremen,Gesamt,2006,April,.,.,.,.,.
Nordrhein-Westfalen,Inland,2006,April,20864.0,62.2,55701.0,76.5,2.7
Nordrhein-Westfalen,Ausland,2006,April,2756.0,14.7,8068.0,15.8,2.9
Nordrhein-Westfalen,Gesamt,2006,April,23620.0,54.7,63769.0,65.5,2.7
Hessen,Inland,2006,April,12674.0,19.3,39753.0,15.6,3.1
Hessen,Ausland,2006,April,1511.0,22.1,3641.0,7.3,2.4
Hessen,Gesamt,2006,April,14185.0,19.6,43394.0,14.8,3.1
Rheinland-Pfalz,Inland,2006,April,25175.0,79.7,77739.0,90.1,3.1
Rheinland-Pfalz,Ausland,2006,April,9895.0,14.1,28398.0,29.4,2.9
Rheinland-Pfalz,Gesamt,2006,April,35070.0,54.6,106137.0,68.9,3.0
Baden-Württemberg,Inland,2006,April,35053.0,70.8,130732.0,71.4,3.7
Baden-Württemberg,Ausland,2006,April,8091.0,51.7,23572.0,80.8,2.9
Baden-Württemberg,Gesamt,2006,April,43144.0,66.8,154304.0,72.7,3.6
Bayern,Inland,2006,April,38034.0,44.7,162251.0,47.1,4.3
Bayern,Ausland,2006,April,6318.0,27.3,12838.0,12.1,2.0
Bayern,Gesamt,2006,April,44352.0,41.9,175089.0,43.8,3.9
Saarland,Inland,2006,April,1167.0,60.5,4151.0,77.1,3.6
Saarland,Ausland,2006,April,160.0,-8.0,371.0,30.6,2.3
Saarland,Gesamt,2006,April,1327.0,47.3,4522.0,72.1,3.4
Berlin,Inland,2006,April,1232.0,87.5,5444.0,102.8,4.4
Berlin,Ausland,2006,April,364.0,60.4,1113.0,61.8,3.1
Berlin,Gesamt,2006,April,1596.0,80.5,6557.0,94.4,4.1
Brandenburg,Inland,2006,April,7439.0,40.4,21330.0,52.2,2.9
Brandenburg,Ausland,2006,April,362.0,-10.0,893.0,-15.0,2.5
Brandenburg,Gesamt,2006,April,7801.0,36.8,22223.0,47.6,2.8
Mecklenburg-Vorpommern,Inland,2006,April,18205.0,84.4,58728.0,92.9,3.2
Mecklenburg-Vorpommern,Ausland,2006,April,406.0,3.8,1115.0,10.5,2.7
Mecklenburg-Vorpommern,Gesamt,2006,April,18611.0,81.3,59843.0,90.3,3.2
Sachsen,Inland,2006,April,4835.0,28.5,15557.0,45.9,3.2
Sachsen,Ausland,2006,April,282.0,9.3,664.0,15.7,2.4
Sachsen,Gesamt,2006,April,5117.0,27.3,16221.0,44.3,3.2
Sachsen-Anhalt,Inland,2006,April,3086.0,69.9,8721.0,85.9,2.8
Sachsen-Anhalt,Ausland,2006,April,228.0,117.1,477.0,157.8,2.1
Sachsen-Anhalt,Gesamt,2006,April,3314.0,72.5,9198.0,88.7,2.8
Thüringen,Inland,2006,April,2151.0,66.2,6984.0,107.4,3.2
Thüringen,Ausland,2006,April,106.0,-19.1,282.0,-33.2,2.7
Thüringen,Gesamt,2006,April,2257.0,58.4,7266.0,91.7,3.2
Gesamt,Inland,2006,April,252246.0,70.6,996447.0,83.8,4.0
Gesamt,Ausland,2006,April,37606.0,32.8,106550.0,51.4,2.8
Schleswig-Holstein,Inland,2006,Mai,41703.0,-23.8,215414.0,-3.8,5.2
Schleswig-Holstein,Ausland,2006,Mai,3601.0,-2.1,9331.0,-1.1,2.6
Schleswig-Holstein,Gesamt,2006,Mai,45304.0,-22.4,224745.0,-3.7,5.0
Hamburg,Inland,2006,Mai,.,.,.,.,.
Hamburg,Ausland,2006,Mai,.,.,.,.,.
Hamburg,Gesamt,2006,Mai,.,.,.,.,.
Niedersachsen,Inland,2006,Mai,58294.0,-43.4,321036.0,-19.9,5.5
Niedersachsen,Ausland,2006,Mai,6482.0,-5.5,17576.0,-14.3,2.7
Niedersachsen,Gesamt,2006,Mai,64776.0,-41.0,338612.0,-19.7,5.2
Bremen,Inland,2006,Mai,.,.,.,.,.
Bremen,Ausland,2006,Mai,.,.,.,.,.
Bremen,Gesamt,2006,Mai,.,.,.,.,.
Nordrhein-Westfalen,Inland,2006,Mai,31203.0,-55.8,78605.0,-56.0,2.5
Nordrhein-Westfalen,Ausland,2006,Mai,5060.0,-31.6,16804.0,-44.1,3.3
Nordrhein-Westfalen,Gesamt,2006,Mai,36263.0,-53.5,95409.0,-54.3,2.6
Hessen,Inland,2006,Mai,24231.0,-47.0,69840.0,-47.1,2.9
Hessen,Ausland,2006,Mai,3508.0,-10.0,9273.0,-7.9,2.6
Hessen,Gesamt,2006,Mai,27739.0,-44.1,79113.0,-44.3,2.9
Rheinland-Pfalz,Inland,2006,Mai,36778.0,-44.2,118440.0,-43.8,3.2
Rheinland-Pfalz,Ausland,2006,Mai,21095.0,-16.0,68280.0,-21.2,3.2
Rheinland-Pfalz,Gesamt,2006,Mai,57873.0,-36.4,186720.0,-37.2,3.2
Baden-Württemberg,Inland,2006,Mai,46548.0,-41.5,171854.0,-42.9,3.7
Baden-Württemberg,Ausland,2006,Mai,15402.0,-12.8,41344.0,-7.0,2.7
Baden-Württemberg,Gesamt,2006,Mai,61950.0,-36.3,213198.0,-38.3,3.4
Bayern,Inland,2006,Mai,62084.0,-51.3,243003.0,-50.2,3.9
Bayern,Ausland,2006,Mai,15356.0,-9.4,34802.0,-5.7,2.3
Bayern,Gesamt,2006,Mai,77440.0,-46.4,277805.0,-47.0,3.6
Saarland,Inland,2006,Mai,2210.0,-52.3,7461.0,-42.8,3.4
Saarland,Ausland,2006,Mai,369.0,-24.8,652.0,-42.0,1.8
Saarland,Gesamt,2006,Mai,2579.0,-49.6,8113.0,-42.8,3.1
Berlin,Inland,2006,Mai,1510.0,-51.4,5245.0,-54.6,3.5
Berlin,Ausland,2006,Mai,796.0,-19.3,2374.0,-14.2,3.0
Berlin,Gesamt,2006,Mai,2306.0,-43.7,7619.0,-46.8,3.3
Brandenburg,Inland,2006,Mai,19787.0,-52.8,50834.0,-52.0,2.6
Brandenburg,Ausland,2006,Mai,1153.0,-16.3,3029.0,-26.8,2.6
Brandenburg,Gesamt,2006,Mai,20940.0,-51.7,53863.0,-51.1,2.6
Mecklenburg-Vorpommern,Inland,2006,Mai,48385.0,-49.2,158082.0,-41.3,3.3
Mecklenburg-Vorpommern,Ausland,2006,Mai,1838.0,-6.6,5310.0,-0.2,2.9
Mecklenburg-Vorpommern,Gesamt,2006,Mai,50223.0,-48.4,163392.0,-40.5,3.3
Sachsen,Inland,2006,Mai,15016.0,-32.0,49171.0,-22.1,3.3
Sachsen,Ausland,2006,Mai,1614.0,11.7,4264.0,15.8,2.6
Sachsen,Gesamt,2006,Mai,16630.0,-29.4,53435.0,-20.0,3.2
Sachsen-Anhalt,Inland,2006,Mai,8300.0,-44.9,21466.0,-42.9,2.6
Sachsen-Anhalt,Ausland,2006,Mai,816.0,1.2,1578.0,5.0,1.9
Sachsen-Anhalt,Gesamt,2006,Mai,9116.0,-42.6,23044.0,-41.1,2.5
Thüringen,Inland,2006,Mai,6844.0,-51.7,18550.0,-45.6,2.7
Thüringen,Ausland,2006,Mai,1026.0,-9.8,2822.0,-19.0,2.8
Thüringen,Gesamt,2006,Mai,7870.0,-48.6,21372.0,-43.1,2.7
Gesamt,Inland,2006,Mai,405147.0,-45.7,1535022.0,-38.0,3.8
Gesamt,Ausland,2006,Mai,78590.0,-13.2,218311.0,-16.5,2.8
Schleswig-Holstein,Inland,2006,Juni,67575.0,45.3,277629.0,36.1,4.1
Schleswig-Holstein,Ausland,2006,Juni,7710.0,22.8,16054.0,26.4,2.1
Schleswig-Holstein,Gesamt,2006,Juni,75285.0,42.6,293683.0,35.6,3.9
Hamburg,Inland,2006,Juni,.,.,.,.,.
Hamburg,Ausland,2006,Juni,.,.,.,.,.
Hamburg,Gesamt,2006,Juni,.,.,.,.,.
Niedersachsen,Inland,2006,Juni,100516.0,57.5,396605.0,44.4,3.9
Niedersachsen,Ausland,2006,Juni,14350.0,13.0,30825.0,19.6,2.1
Niedersachsen,Gesamt,2006,Juni,114866.0,50.1,427430.0,42.3,3.7
Bremen,Inland,2006,Juni,.,.,.,.,.
Bremen,Ausland,2006,Juni,.,.,.,.,.
Bremen,Gesamt,2006,Juni,.,.,.,.,.
Nordrhein-Westfalen,Inland,2006,Juni,68443.0,80.4,155905.0,80.8,2.3
Nordrhein-Westfalen,Ausland,2006,Juni,11935.0,83.8,32535.0,88.8,2.7
Nordrhein-Westfalen,Gesamt,2006,Juni,80378.0,80.9,188440.0,82.2,2.3
Hessen,Inland,2006,Juni,51552.0,47.5,135471.0,49.1,2.6
Hessen,Ausland,2006,Juni,12769.0,72.5,29645.0,88.7,2.3
Hessen,Gesamt,2006,Juni,64321.0,51.9,165116.0,55.0,2.6
Rheinland-Pfalz,Inland,2006,Juni,63312.0,63.7,188073.0,61.7,3.0
Rheinland-Pfalz,Ausland,2006,Juni,32644.0,7.0,97701.0,5.8,3.0
Rheinland-Pfalz,Gesamt,2006,Juni,95956.0,38.7,285774.0,37.0,3.0
Baden-Württemberg,Inland,2006,Juni,84939.0,44.5,298906.0,53.6,3.5
Baden-Württemberg,Ausland,2006,Juni,37977.0,31.5,103497.0,44.0,2.7
Baden-Württemberg,Gesamt,2006,Juni,122916.0,40.2,402403.0,51.0,3.3
Bayern,Inland,2006,Juni,131595.0,49.7,496143.0,51.5,3.8
Bayern,Ausland,2006,Juni,46278.0,21.3,103403.0,24.7,2.2
Bayern,Gesamt,2006,Juni,177873.0,41.1,599546.0,46.1,3.4
Saarland,Inland,2006,Juni,5983.0,92.1,15850.0,185.5,2.6
Saarland,Ausland,2006,Juni,934.0,27.1,1870.0,8.0,2.0
Saarland,Gesamt,2006,Juni,6917.0,79.7,17720.0,143.3,2.6
Berlin,Inland,2006,Juni,1662.0,-1.7,5266.0,5.1,3.2
Berlin,Ausland,2006,Juni,2383.0,74.3,5646.0,49.9,2.4
Berlin,Gesamt,2006,Juni,4045.0,32.3,10912.0,24.3,2.7
Brandenburg,Inland,2006,Juni,41055.0,19.7,103493.0,22.3,2.5
Brandenburg,Ausland,2006,Juni,2636.0,-16.8,6400.0,-19.5,2.4
Brandenburg,Gesamt,2006,Juni,43691.0,16.6,109893.0,18.7,2.5
Mecklenburg-Vorpommern,Inland,2006,Juni,103280.0,16.9,360811.0,18.3,3.5
Mecklenburg-Vorpommern,Ausland,2006,Juni,5446.0,-9.0,17641.0,6.4,3.2
Mecklenburg-Vorpommern,Gesamt,2006,Juni,108726.0,15.3,378452.0,17.6,3.5
Sachsen,Inland,2006,Juni,23797.0,43.6,73000.0,67.6,3.1
Sachsen,Ausland,2006,Juni,6833.0,105.1,18458.0,113.7,2.7
Sachsen,Gesamt,2006,Juni,30630.0,53.9,91458.0,75.2,3.0
Sachsen-Anhalt,Inland,2006,Juni,14499.0,24.7,35736.0,25.9,2.5
Sachsen-Anhalt,Ausland,2006,Juni,2403.0,49.6,5074.0,83.8,2.1
Sachsen-Anhalt,Gesamt,2006,Juni,16902.0,27.7,40810.0,31.0,2.4
Thüringen,Inland,2006,Juni,13746.0,58.3,34305.0,72.3,2.5
Thüringen,Ausland,2006,Juni,1793.0,-8.0,4469.0,-14.9,2.5
Thüringen,Gesamt,2006,Juni,15539.0,46.2,38774.0,54.1,2.5
Gesamt,Inland,2006,Juni,774904.0,44.6,2585295.0,44.2,3.3
Gesamt,Ausland,2006,Juni,188742.0,26.0,477639.0,30.1,2.5
Schleswig-Holstein,Inland,2006,August,128505.0,15.1,822079.0,7.2,6.4
Schleswig-Holstein,Ausland,2006,August,11933.0,2.2,29968.0,14.2,2.5
Schleswig-Holstein,Gesamt,2006,August,140438.0,13.9,852047.0,7.4,6.1
Hamburg,Inland,2006,August,.,.,.,.,.
Hamburg,Ausland,2006,August,.,.,.,.,.
Hamburg,Gesamt,2006,August,.,.,.,.,.
Niedersachsen,Inland,2006,August,121117.0,-0.7,658602.0,-4.6,5.4
Niedersachsen,Ausland,2006,August,21967.0,3.6,73130.0,10.2,3.3
Niedersachsen,Gesamt,2006,August,143084.0,-0.1,731732.0,-3.3,5.1
Bremen,Inland,2006,August,.,.,.,.,.
Bremen,Ausland,2006,August,.,.,.,.,.
Bremen,Gesamt,2006,August,.,.,.,.,.
Nordrhein-Westfalen,Inland,2006,August,41752.0,-13.6,129670.0,-42.5,3.1
Nordrhein-Westfalen,Ausland,2006,August,14559.0,-3.9,55119.0,-15.4,3.8
Nordrhein-Westfalen,Gesamt,2006,August,56311.0,-11.3,184789.0,-36.4,3.3
Hessen,Inland,2006,August,51532.0,-13.8,186601.0,-9.4,3.6
Hessen,Ausland,2006,August,13514.0,-7.0,42985.0,2.0,3.2
Hessen,Gesamt,2006,August,65046.0,-12.5,229586.0,-7.5,3.5
Rheinland-Pfalz,Inland,2006,August,58050.0,-10.6,190103.0,-16.0,3.3
Rheinland-Pfalz,Ausland,2006,August,53731.0,-1.4,234305.0,-11.6,4.4
Rheinland-Pfalz,Gesamt,2006,August,111781.0,-6.4,424408.0,-13.7,3.8
Baden-Württemberg,Inland,2006,August,99149.0,-20.7,476391.0,-21.3,4.8
Baden-Württemberg,Ausland,2006,August,62817.0,1.1,213511.0,-0.2,3.4
Baden-Württemberg,Gesamt,2006,August,161966.0,-13.5,689902.0,-15.8,4.3
Bayern,Inland,2006,August,168805.0,-16.7,831422.0,-16.6,4.9
Bayern,Ausland,2006,August,85871.0,-3.1,207050.0,-3.5,2.4
Bayern,Gesamt,2006,August,254676.0,-12.5,1038472.0,-14.2,4.1
Saarland,Inland,2006,August,5432.0,-25.4,17260.0,-38.5,3.2
Saarland,Ausland,2006,August,1529.0,-18.4,3911.0,-11.4,2.6
Saarland,Gesamt,2006,August,6961.0,-23.9,21171.0,-34.8,3.0
Berlin,Inland,2006,August,2603.0,-21.5,8794.0,-16.7,3.4
Berlin,Ausland,2006,August,3449.0,5.7,10227.0,10.9,3.0
Berlin,Gesamt,2006,August,6052.0,-8.0,19021.0,-3.8,3.1
Brandenburg,Inland,2006,August,59612.0,1.8,216747.0,11.1,3.6
Brandenburg,Ausland,2006,August,4868.0,-4.4,12825.0,-6.9,2.6
Brandenburg,Gesamt,2006,August,64480.0,1.3,229572.0,9.9,3.6
Mecklenburg-Vorpommern,Inland,2006,August,226593.0,7.3,1141878.0,9.8,5.0
Mecklenburg-Vorpommern,Ausland,2006,August,9837.0,2.9,33486.0,16.2,3.4
Mecklenburg-Vorpommern,Gesamt,2006,August,236430.0,7.1,1175364.0,10.0,5.0
Sachsen,Inland,2006,August,34290.0,4.5,111197.0,5.0,3.2
Sachsen,Ausland,2006,August,6390.0,4.0,16121.0,1.1,2.5
Sachsen,Gesamt,2006,August,40680.0,4.5,127318.0,4.5,3.1
Sachsen-Anhalt,Inland,2006,August,20143.0,2.7,55291.0,1.6,2.7
Sachsen-Anhalt,Ausland,2006,August,3309.0,4.7,7298.0,15.6,2.2
Sachsen-Anhalt,Gesamt,2006,August,23452.0,2.9,62589.0,3.1,2.7
Thüringen,Inland,2006,August,72073.0,-16.7,219435.0,-18.4,3.0
Thüringen,Ausland,2006,August,4174.0,9.6,11335.0,10.7,2.7
Thüringen,Gesamt,2006,August,76247.0,-15.6,230770.0,-17.3,3.0
Gesamt,Inland,2006,August,1095325.0,-5.6,5078083.0,-6.5,4.6
Gesamt,Ausland,2006,August,300220.0,-1.1,955112.0,-3.2,3.2
Gesamt,Gesamt,2006,August,1395545.0,-4.6,6033195.0,-6.0,4.3
Schleswig-Holstein,Inland,2006,September,39134.0,5.8,174213.0,-0.8,4.5
Schleswig-Holstein,Ausland,2006,September,3146.0,13.9,7021.0,14.7,2.2
Schleswig-Holstein,Gesamt,2006,September,42280.0,6.4,181234.0,-0.3,4.3
Hamburg,Inland,2006,September,.,.,.,.,.
Hamburg,Ausland,2006,September,.,.,.,.,.
Hamburg,Gesamt,2006,September,.,.,.,.,.
Niedersachsen,Inland,2006,September,51163.0,8.3,215528.0,-7.1,4.2
Niedersachsen,Ausland,2006,September,7281.0,18.5,21702.0,44.7,3.0
Niedersachsen,Gesamt,2006,September,58444.0,9.5,237230.0,-3.9,4.1
Bremen,Inland,2006,September,.,.,.,.,.
Bremen,Ausland,2006,September,.,.,.,.,.
Bremen,Gesamt,2006,September,.,.,.,.,.
Nordrhein-Westfalen,Inland,2006,September,23198.0,7.4,55673.0,-7.5,2.4
Nordrhein-Westfalen,Ausland,2006,September,5895.0,29.6,15497.0,-17.8,2.6
Nordrhein-Westfalen,Gesamt,2006,September,29093.0,11.2,71170.0,-10.0,2.4
Hessen,Inland,2006,September,26869.0,5.7,80027.0,8.3,3.0
Hessen,Ausland,2006,September,4093.0,1.5,10321.0,4.4,2.5
Hessen,Gesamt,2006,September,30962.0,5.2,90348.0,7.9,2.9
Rheinland-Pfalz,Inland,2006,September,43439.0,12.3,130890.0,3.5,3.0
Rheinland-Pfalz,Ausland,2006,September,26037.0,21.3,91990.0,5.4,3.5
Rheinland-Pfalz,Gesamt,2006,September,69476.0,15.5,222880.0,4.3,3.2
Baden-Württemberg,Inland,2006,September,60894.0,8.5,233877.0,0.8,3.8
Baden-Württemberg,Ausland,2006,September,20091.0,21.9,54099.0,19.2,2.7
Baden-Württemberg,Gesamt,2006,September,80985.0,11.5,287976.0,3.9,3.6
Bayern,Inland,2006,September,95345.0,13.3,398967.0,10.1,4.2
Bayern,Ausland,2006,September,27179.0,17.3,63121.0,16.8,2.3
Bayern,Gesamt,2006,September,122524.0,14.2,462088.0,11.0,3.8
Saarland,Inland,2006,September,1726.0,-28.2,4940.0,-16.6,2.9
Saarland,Ausland,2006,September,354.0,-41.6,961.0,-27.5,2.7
Saarland,Gesamt,2006,September,2080.0,-30.9,5901.0,-18.6,2.8
Berlin,Inland,2006,September,1514.0,4.2,5797.0,6.3,3.8
Berlin,Ausland,2006,September,906.0,30.5,3388.0,43.7,3.7
Berlin,Gesamt,2006,September,2420.0,12.7,9185.0,17.6,3.8
Brandenburg,Inland,2006,September,17175.0,-7.0,48318.0,-1.7,2.8
Brandenburg,Ausland,2006,September,1274.0,1.8,3972.0,18.0,3.1
Brandenburg,Gesamt,2006,September,18449.0,-6.4,52290.0,-0.4,2.8
Mecklenburg-Vorpommern,Inland,2006,September,60980.0,-4.7,236489.0,4.0,3.9
Mecklenburg-Vorpommern,Ausland,2006,September,2714.0,2.6,8276.0,13.0,3.0
Mecklenburg-Vorpommern,Gesamt,2006,September,63694.0,-4.4,244765.0,4.3,3.8
Sachsen,Inland,2006,September,14159.0,15.8,41959.0,17.6,3.0
Sachsen,Ausland,2006,September,1846.0,28.1,4876.0,9.1,2.6
Sachsen,Gesamt,2006,September,16005.0,17.1,46835.0,16.7,2.9
Sachsen-Anhalt,Inland,2006,September,7357.0,8.6,16870.0,-0.5,2.3
Sachsen-Anhalt,Ausland,2006,September,910.0,7.6,2098.0,20.2,2.3
Sachsen-Anhalt,Gesamt,2006,September,8267.0,8.5,18968.0,1.5,2.3
Thüringen,Inland,2006,September,6234.0,6.3,17253.0,17.9,2.8
Thüringen,Ausland,2006,September,1034.0,18.0,2909.0,-2.9,2.8
Thüringen,Gesamt,2006,September,7268.0,7.8,20162.0,14.4,2.8
Gesamt,Inland,2006,September,451607.0,6.5,1666363.0,2.5,3.7
Gesamt,Ausland,2006,September,103278.0,17.9,291317.0,11.5,2.8
Gesamt,Gesamt,2006,September,554885.0,8.5,1957680.0,3.8,3.5
Schleswig-Holstein,Inland,2006,Oktober,16298.0,-13.4,89765.0,3.9,5.5
Schleswig-Holstein,Ausland,2006,Oktober,1740.0,20.5,4550.0,15.3,2.6
Schleswig-Holstein,Gesamt,2006,Oktober,18038.0,-11.0,94315.0,4.4,5.2
Hamburg,Inland,2006,Oktober,.,.,.,.,.
Hamburg,Ausland,2006,Oktober,.,.,.,.,.
Hamburg,Gesamt,2006,Oktober,.,.,.,.,.
Niedersachsen,Inland,2006,Oktober,39094.0,12.0,208690.0,28.4,5.3
Niedersachsen,Ausland,2006,Oktober,3364.0,15.4,9375.0,22.2,2.8
Niedersachsen,Gesamt,2006,Oktober,42458.0,12.3,218065.0,28.1,5.1
Bremen,Inland,2006,Oktober,.,.,.,.,.
Bremen,Ausland,2006,Oktober,.,.,.,.,.
Bremen,Gesamt,2006,Oktober,.,.,.,.,.
Nordrhein-Westfalen,Inland,2006,Oktober,15741.0,19.1,51926.0,15.5,3.3
Nordrhein-Westfalen,Ausland,2006,Oktober,2819.0,26.4,8230.0,23.0,2.9
Nordrhein-Westfalen,Gesamt,2006,Oktober,18560.0,20.1,60156.0,16.5,3.2
Hessen,Inland,2006,Oktober,13713.0,12.6,44551.0,9.0,3.2
Hessen,Ausland,2006,Oktober,1238.0,5.5,3414.0,31.5,2.8
Hessen,Gesamt,2006,Oktober,14951.0,12.0,47965.0,10.3,3.2
Rheinland-Pfalz,Inland,2006,Oktober,33979.0,2.2,107098.0,-4.2,3.2
Rheinland-Pfalz,Ausland,2006,Oktober,12439.0,12.5,45560.0,-0.9,3.7
Rheinland-Pfalz,Gesamt,2006,Oktober,46418.0,4.7,152658.0,-3.2,3.3
Baden-Württemberg,Inland,2006,Oktober,27628.0,3.9,130591.0,10.6,4.7
Baden-Württemberg,Ausland,2006,Oktober,6755.0,16.9,21694.0,25.8,3.2
Baden-Württemberg,Gesamt,2006,Oktober,34383.0,6.2,152285.0,12.5,4.4
Bayern,Inland,2006,Oktober,49175.0,8.5,222185.0,12.0,4.5
Bayern,Ausland,2006,Oktober,6672.0,-1.3,21979.0,3.6,3.3
Bayern,Gesamt,2006,Oktober,55847.0,7.2,244164.0,11.2,4.4
Saarland,Inland,2006,Oktober,781.0,30.6,2683.0,30.4,3.4
Saarland,Ausland,2006,Oktober,149.0,65.6,501.0,32.2,3.4
Saarland,Gesamt,2006,Oktober,930.0,35.2,3184.0,30.7,3.4
Berlin,Inland,2006,Oktober,1521.0,26.1,6514.0,23.4,4.3
Berlin,Ausland,2006,Oktober,452.0,41.7,1481.0,38.5,3.3
Berlin,Gesamt,2006,Oktober,1973.0,29.4,7995.0,25.9,4.1
Brandenburg,Inland,2006,Oktober,6245.0,-12.1,20717.0,-7.3,3.3
Brandenburg,Ausland,2006,Oktober,512.0,141.5,1653.0,90.4,3.2
Brandenburg,Gesamt,2006,Oktober,6757.0,-7.7,22370.0,-3.6,3.3
Mecklenburg-Vorpommern,Inland,2006,Oktober,22093.0,9.2,92833.0,21.9,4.2
Mecklenburg-Vorpommern,Ausland,2006,Oktober,678.0,20.2,1893.0,17.9,2.8
Mecklenburg-Vorpommern,Gesamt,2006,Oktober,22771.0,9.5,94726.0,21.9,4.2
Sachsen,Inland,2006,Oktober,6999.0,17.3,25505.0,25.4,3.6
Sachsen,Ausland,2006,Oktober,576.0,100.0,1223.0,26.3,2.1
Sachsen,Gesamt,2006,Oktober,7575.0,21.1,26728.0,25.4,3.5
Sachsen-Anhalt,Inland,2006,Oktober,4176.0,16.1,12161.0,20.5,2.9
Sachsen-Anhalt,Ausland,2006,Oktober,277.0,69.9,663.0,67.4,2.4
Sachsen-Anhalt,Gesamt,2006,Oktober,4453.0,18.5,12824.0,22.3,2.9
Thüringen,Inland,2006,Oktober,3463.0,13.1,11121.0,15.1,3.2
Thüringen,Ausland,2006,Oktober,289.0,86.5,1190.0,139.4,4.1
Thüringen,Gesamt,2006,Oktober,3752.0,16.7,12311.0,21.2,3.3
Gesamt,Inland,2006,Oktober,243171.0,6.5,1031570.0,12.7,4.2
Gesamt,Ausland,2006,Oktober,38320.0,14.1,124143.0,11.0,3.2
Gesamt,Gesamt,2006,Oktober,281491.0,7.4,1155713.0,12.5,4.1
Schleswig-Holstein,Inland,2006,November,1007.0,-7.8,2534.0,6.3,2.5
Schleswig-Holstein,Ausland,2006,November,167.0,92.0,306.0,-34.8,1.8
Schleswig-Holstein,Gesamt,2006,November,1174.0,-0.4,2840.0,-0.5,2.4
Hamburg,Inland,2006,November,.,.,.,.,.
Hamburg,Ausland,2006,November,.,.,.,.,.
Hamburg,Gesamt,2006,November,.,.,.,.,.
Niedersachsen,Inland,2006,November,5910.0,65.1,27059.0,60.4,4.6
Niedersachsen,Ausland,2006,November,335.0,39.6,1192.0,97.0,3.6
Niedersachsen,Gesamt,2006,November,6245.0,63.5,28251.0,61.6,4.5
Bremen,Inland,2006,November,.,.,.,.,.
Bremen,Ausland,2006,November,.,.,.,.,.
Bremen,Gesamt,2006,November,.,.,.,.,.
Nordrhein-Westfalen,Inland,2006,November,4645.0,3.6,13875.0,-5.2,3.0
Nordrhein-Westfalen,Ausland,2006,November,717.0,22.8,1915.0,21.0,2.7
Nordrhein-Westfalen,Gesamt,2006,November,5362.0,5.8,15790.0,-2.6,2.9
Hessen,Inland,2006,November,3376.0,20.4,11966.0,21.7,3.5
Hessen,Ausland,2006,November,273.0,97.8,638.0,228.9,2.3
Hessen,Gesamt,2006,November,3649.0,24.0,12604.0,25.8,3.5
Rheinland-Pfalz,Inland,2006,November,2953.0,13.2,7629.0,7.0,2.6
Rheinland-Pfalz,Ausland,2006,November,690.0,12.6,2463.0,-8.1,3.6
Rheinland-Pfalz,Gesamt,2006,November,3643.0,13.1,10092.0,2.8,2.8
Baden-Württemberg,Inland,2006,November,5856.0,16.1,30547.0,26.5,5.2
Baden-Württemberg,Ausland,2006,November,1347.0,31.5,4665.0,53.4,3.5
Baden-Württemberg,Gesamt,2006,November,7203.0,18.7,35212.0,29.5,4.9
Bayern,Inland,2006,November,6352.0,-4.6,35223.0,-13.4,5.5
Bayern,Ausland,2006,November,629.0,22.1,2314.0,77.9,3.7
Bayern,Gesamt,2006,November,6981.0,-2.7,37537.0,-10.6,5.4
Saarland,Inland,2006,November,75.0,10.3,416.0,165.0,5.5
Saarland,Ausland,2006,November,27.0,-50.0,91.0,-72.7,3.4
Saarland,Gesamt,2006,November,102.0,-16.4,507.0,3.5,5.0
Berlin,Inland,2006,November,221.0,-71.9,944.0,-73.1,4.3
Berlin,Ausland,2006,November,64.0,-66.3,188.0,-68.5,2.9
Berlin,Gesamt,2006,November,285.0,-70.8,1132.0,-72.4,4.0
Brandenburg,Inland,2006,November,307.0,2.7,1052.0,-19.1,3.4
Brandenburg,Ausland,2006,November,10.0,150.0,34.0,209.1,3.4
Brandenburg,Gesamt,2006,November,317.0,4.6,1086.0,-17.2,3.4
Mecklenburg-Vorpommern,Inland,2006,November,1367.0,73.3,5923.0,40.3,4.3
Mecklenburg-Vorpommern,Ausland,2006,November,38.0,137.5,74.0,138.7,1.9
Mecklenburg-Vorpommern,Gesamt,2006,November,1405.0,74.5,5997.0,41.0,4.3
Sachsen,Inland,2006,November,734.0,42.2,2195.0,60.5,3.0
Sachsen,Ausland,2006,November,67.0,570.0,135.0,382.1,2.0
Sachsen,Gesamt,2006,November,801.0,52.3,2330.0,66.9,2.9
Sachsen-Anhalt,Inland,2006,November,458.0,-48.0,1996.0,-9.6,4.4
Sachsen-Anhalt,Ausland,2006,November,19.0,-62.0,128.0,-51.0,6.7
Sachsen-Anhalt,Gesamt,2006,November,477.0,-48.8,2124.0,-14.0,4.5
Thüringen,Inland,2006,November,310.0,-16.2,1274.0,-39.0,4.1
Thüringen,Ausland,2006,November,18.0,20.0,75.0,212.5,4.2
Thüringen,Gesamt,2006,November,328.0,-14.8,1349.0,-36.2,4.1
Gesamt,Inland,2006,November,34508.0,11.8,144658.0,8.8,4.2
Gesamt,Ausland,2006,November,4433.0,24.6,14297.0,27.6,3.2
Gesamt,Gesamt,2006,November,38941.0,13.1,158955.0,10.2,4.1
Schleswig-Holstein,Inland,2006,Dezember,1544.0,58.5,3652.0,41.2,2.4
Schleswig-Holstein,Ausland,2006,Dezember,135.0,237.5,365.0,254.4,2.7
Schleswig-Holstein,Gesamt,2006,Dezember,1679.0,65.6,4017.0,49.4,2.4
Hamburg,Inland,2006,Dezember,.,.,.,.,.
Hamburg,Ausland,2006,Dezember,.,.,.,.,.
Hamburg,Gesamt,2006,Dezember,.,.,.,.,.
Niedersachsen,Inland,2006,Dezember,7360.0,70.6,34026.0,63.0,4.6
Niedersachsen,Ausland,2006,Dezember,409.0,40.1,1495.0,26.7,3.7
Niedersachsen,Gesamt,2006,Dezember,7769.0,68.6,35521.0,61.1,4.6
Bremen,Inland,2006,Dezember,.,.,.,.,.
Bremen,Ausland,2006,Dezember,.,.,.,.,.
Bremen,Gesamt,2006,Dezember,.,.,.,.,.
Nordrhein-Westfalen,Inland,2006,Dezember,4594.0,-12.9,16189.0,-5.6,3.5
Nordrhein-Westfalen,Ausland,2006,Dezember,1060.0,4.1,3129.0,1.2,3.0
Nordrhein-Westfalen,Gesamt,2006,Dezember,5654.0,-10.1,19318.0,-4.5,3.4
Hessen,Inland,2006,Dezember,3372.0,-14.5,12453.0,-5.7,3.7
Hessen,Ausland,2006,Dezember,222.0,29.1,932.0,32.8,4.2
Hessen,Gesamt,2006,Dezember,3594.0,-12.7,13385.0,-3.8,3.7
Rheinland-Pfalz,Inland,2006,Dezember,1967.0,22.1,6490.0,19.3,3.3
Rheinland-Pfalz,Ausland,2006,Dezember,540.0,24.4,1996.0,0.9,3.7
Rheinland-Pfalz,Gesamt,2006,Dezember,2507.0,22.6,8486.0,14.4,3.4
Baden-Württemberg,Inland,2006,Dezember,5624.0,44.8,28538.0,32.5,5.1
Baden-Württemberg,Ausland,2006,Dezember,1846.0,65.9,4968.0,42.7,2.7
Baden-Württemberg,Gesamt,2006,Dezember,7470.0,49.5,33506.0,33.9,4.5
Bayern,Inland,2006,Dezember,10204.0,12.5,65933.0,22.1,6.5
Bayern,Ausland,2006,Dezember,1919.0,82.6,8041.0,174.3,4.2
Bayern,Gesamt,2006,Dezember,12123.0,19.7,73974.0,30.0,6.1
Saarland,Inland,2006,Dezember,27.0,-30.8,117.0,-37.4,4.3
Saarland,Ausland,2006,Dezember,9.0,350.0,90.0,.,10.0
Saarland,Gesamt,2006,Dezember,36.0,-12.2,207.0,9.5,5.8
Berlin,Inland,2006,Dezember,167.0,20.1,652.0,-6.2,3.9
Berlin,Ausland,2006,Dezember,61.0,38.6,156.0,14.7,2.6
Berlin,Gesamt,2006,Dezember,228.0,24.6,808.0,-2.8,3.5
Brandenburg,Inland,2006,Dezember,271.0,57.6,886.0,-24.2,3.3
Brandenburg,Ausland,2006,Dezember,1.0,-50.0,2.0,-71.4,2.0
Brandenburg,Gesamt,2006,Dezember,272.0,56.3,888.0,-24.5,3.3
Mecklenburg-Vorpommern,Inland,2006,Dezember,2445.0,138.8,8964.0,30.5,3.7
Mecklenburg-Vorpommern,Ausland,2006,Dezember,16.0,100.0,36.0,125.0,2.3
Mecklenburg-Vorpommern,Gesamt,2006,Dezember,2461.0,138.5,9000.0,30.7,3.7
Sachsen,Inland,2006,Dezember,984.0,25.8,3162.0,-24.0,3.2
Sachsen,Ausland,2006,Dezember,20.0,-39.4,66.0,-62.1,3.3
Sachsen,Gesamt,2006,Dezember,1004.0,23.2,3228.0,-25.6,3.2
Sachsen-Anhalt,Inland,2006,Dezember,396.0,54.7,2110.0,138.7,5.3
Sachsen-Anhalt,Ausland,2006,Dezember,8.0,700.0,18.0,.,2.3
Sachsen-Anhalt,Gesamt,2006,Dezember,404.0,57.2,2128.0,140.5,5.3
Thüringen,Inland,2006,Dezember,465.0,57.1,1560.0,11.3,3.4
Thüringen,Ausland,2006,Dezember,8.0,0.0,14.0,-82.5,1.8
Thüringen,Gesamt,2006,Dezember,473.0,55.6,1574.0,6.3,3.3
Gesamt,Inland,2006,Dezember,39554.0,24.2,185124.0,23.2,4.7
Gesamt,Ausland,2006,Dezember,6264.0,48.5,21332.0,53.6,3.4
Gesamt,Gesamt,2006,Dezember,45818.0,27.1,206456.0,25.8,4.5
Schleswig-Holstein,Inland,2007,Januar,265.0,-57.7,1394.0,-2.2,5.3
Schleswig-Holstein,Ausland,2007,Januar,59.0,181.0,168.0,300.0,2.8
Schleswig-Holstein,Gesamt,2007,Januar,324.0,-49.9,1562.0,6.5,4.8
Hamburg,Inland,2007,Januar,.,.,.,.,.
Hamburg,Ausland,2007,Januar,.,.,.,.,.
Hamburg,Gesamt,2007,Januar,.,.,.,.,.
Niedersachsen,Inland,2007,Januar,3902.0,11.3,18915.0,2.2,4.8
Niedersachsen,Ausland,2007,Januar,210.0,11.1,629.0,-14.1,3.0
Niedersachsen,Gesamt,2007,Januar,4112.0,11.3,19544.0,1.6,4.8
Bremen,Inland,2007,Januar,.,.,.,.,.
Bremen,Ausland,2007,Januar,.,.,.,.,.
Bremen,Gesamt,2007,Januar,.,.,.,.,.
Nordrhein-Westfalen,Inland,2007,Januar,1604.0,-44.2,7130.0,-27.1,4.4
Nordrhein-Westfalen,Ausland,2007,Januar,260.0,-61.8,930.0,-67.8,3.6
Nordrhein-Westfalen,Gesamt,2007,Januar,1864.0,-47.6,8060.0,-36.4,4.3
Hessen,Inland,2007,Januar,2540.0,18.6,10336.0,11.3,4.1
Hessen,Ausland,2007,Januar,182.0,-7.6,791.0,20.9,4.3
Hessen,Gesamt,2007,Januar,2722.0,16.4,11127.0,11.9,4.1
Rheinland-Pfalz,Inland,2007,Januar,1252.0,-15.9,3945.0,-29.5,3.2
Rheinland-Pfalz,Ausland,2007,Januar,485.0,-20.5,1996.0,-10.2,4.1
Rheinland-Pfalz,Gesamt,2007,Januar,1737.0,-17.2,5941.0,-24.0,3.4
Baden-Württemberg,Inland,2007,Januar,4138.0,-10.3,22011.0,-5.9,5.3
Baden-Württemberg,Ausland,2007,Januar,1101.0,17.8,2948.0,-9.7,2.7
Baden-Württemberg,Gesamt,2007,Januar,5239.0,-5.6,24959.0,-6.3,4.8
Bayern,Inland,2007,Januar,8615.0,-6.9,68545.0,-11.4,8.0
Bayern,Ausland,2007,Januar,1264.0,2.8,4023.0,-5.9,3.2
Bayern,Gesamt,2007,Januar,9879.0,-5.8,72568.0,-11.1,7.3
Saarland,Inland,2007,Januar,29.0,7.4,149.0,36.7,5.1
Saarland,Ausland,2007,Januar,.,.,.,.,.
Saarland,Gesamt,2007,Januar,29.0,-14.7,149.0,16.4,5.1
Berlin,Inland,2007,Januar,96.0,-42.9,404.0,-63.5,4.2
Berlin,Ausland,2007,Januar,46.0,-22.0,120.0,-13.7,2.6
Berlin,Gesamt,2007,Januar,142.0,-37.4,524.0,-57.9,3.7
Brandenburg,Inland,2007,Januar,132.0,-4.3,522.0,-6.5,4.0
Brandenburg,Ausland,2007,Januar,8.0,60.0,22.0,175.0,2.8
Brandenburg,Gesamt,2007,Januar,140.0,-2.1,544.0,-3.9,3.9
Mecklenburg-Vorpommern,Inland,2007,Januar,988.0,-3.9,5951.0,30.9,6.0
Mecklenburg-Vorpommern,Ausland,2007,Januar,8.0,300.0,24.0,.,3.0
Mecklenburg-Vorpommern,Gesamt,2007,Januar,996.0,-3.3,5975.0,31.4,6.0
Sachsen,Inland,2007,Januar,222.0,-42.8,1253.0,-44.1,5.6
Sachsen,Ausland,2007,Januar,18.0,350.0,66.0,43.5,3.7
Sachsen,Gesamt,2007,Januar,240.0,-38.8,1319.0,-42.4,5.5
Sachsen-Anhalt,Inland,2007,Januar,459.0,-40.7,2353.0,-9.9,5.1
Sachsen-Anhalt,Ausland,2007,Januar,13.0,62.5,29.0,38.1,2.2
Sachsen-Anhalt,Gesamt,2007,Januar,472.0,-39.6,2382.0,-9.5,5.0
Thüringen,Inland,2007,Januar,581.0,-2.2,3082.0,-8.6,5.3
Thüringen,Ausland,2007,Januar,9.0,-50.0,120.0,-51.6,13.3
Thüringen,Gesamt,2007,Januar,590.0,-3.6,3202.0,-11.5,5.4
Gesamt,Inland,2007,Januar,24845.0,-10.1,146052.0,-8.8,5.9
Gesamt,Ausland,2007,Januar,3665.0,-7.7,11871.0,-18.5,3.2
Gesamt,Gesamt,2007,Januar,28510.0,-9.8,157923.0,-9.6,5.5
Schleswig-Holstein,Inland,2007,Februar,404.0,-26.9,1301.0,7.0,3.2
Schleswig-Holstein,Ausland,2007,Februar,45.0,7.1,78.0,4.0,1.7
Schleswig-Holstein,Gesamt,2007,Februar,449.0,-24.5,1379.0,6.8,3.1
Hamburg,Inland,2007,Februar,.,.,.,.,.
Hamburg,Ausland,2007,Februar,.,.,.,.,.
Hamburg,Gesamt,2007,Februar,.,.,.,.,.
Niedersachsen,Inland,2007,Februar,2946.0,6.9,13913.0,9.9,4.7
Niedersachsen,Ausland,2007,Februar,266.0,-17.1,824.0,-19.6,3.1
Niedersachsen,Gesamt,2007,Februar,3212.0,4.4,14737.0,7.7,4.6
Bremen,Inland,2007,Februar,.,.,.,.,.
Bremen,Ausland,2007,Februar,.,.,.,.,.
Bremen,Gesamt,2007,Februar,.,.,.,.,.
Nordrhein-Westfalen,Inland,2007,Februar,2963.0,4.3,8852.0,11.8,3.0
Nordrhein-Westfalen,Ausland,2007,Februar,760.0,-14.0,2673.0,-19.7,3.5
Nordrhein-Westfalen,Gesamt,2007,Februar,3723.0,0.0,11525.0,2.5,3.1
Hessen,Inland,2007,Februar,2551.0,17.6,9254.0,15.9,3.6
Hessen,Ausland,2007,Februar,203.0,31.8,498.0,4.6,2.5
Hessen,Gesamt,2007,Februar,2754.0,18.6,9752.0,15.3,3.5
Rheinland-Pfalz,Inland,2007,Februar,3169.0,-3.0,7782.0,-0.7,2.5
Rheinland-Pfalz,Ausland,2007,Februar,722.0,4.3,2053.0,1.0,2.8
Rheinland-Pfalz,Gesamt,2007,Februar,3891.0,-1.7,9835.0,-0.3,2.5
Baden-Württemberg,Inland,2007,Februar,4610.0,39.6,24803.0,67.4,5.4
Baden-Württemberg,Ausland,2007,Februar,1346.0,24.9,4648.0,56.0,3.5
Baden-Württemberg,Gesamt,2007,Februar,5956.0,36.0,29451.0,65.5,4.9
Bayern,Inland,2007,Februar,8897.0,14.7,50499.0,5.5,5.7
Bayern,Ausland,2007,Februar,1740.0,23.1,6062.0,11.1,3.5
Bayern,Gesamt,2007,Februar,10637.0,16.0,56561.0,6.1,5.3
Saarland,Inland,2007,Februar,65.0,91.2,372.0,332.6,5.7
Saarland,Ausland,2007,Februar,12.0,9.1,39.0,2.6,3.3
Saarland,Gesamt,2007,Februar,77.0,71.1,411.0,231.5,5.3
Berlin,Inland,2007,Februar,76.0,-25.5,266.0,-58.8,3.5
Berlin,Ausland,2007,Februar,45.0,800.0,158.0,409.7,3.5
Berlin,Gesamt,2007,Februar,121.0,13.1,424.0,-37.3,3.5
Brandenburg,Inland,2007,Februar,955.0,646.1,1474.0,275.1,1.5
Brandenburg,Ausland,2007,Februar,34.0,750.0,78.0,116.7,2.3
Brandenburg,Gesamt,2007,Februar,989.0,649.2,1552.0,261.8,1.6
Mecklenburg-Vorpommern,Inland,2007,Februar,1206.0,50.0,5448.0,81.9,4.5
Mecklenburg-Vorpommern,Ausland,2007,Februar,13.0,550.0,16.0,-94.3,1.2
Mecklenburg-Vorpommern,Gesamt,2007,Februar,1219.0,51.2,5464.0,66.7,4.5
Sachsen,Inland,2007,Februar,367.0,-0.3,1386.0,-28.5,3.8
Sachsen,Ausland,2007,Februar,16.0,-5.9,32.0,-44.8,2.0
Sachsen,Gesamt,2007,Februar,383.0,-0.5,1418.0,-29.0,3.7
Sachsen-Anhalt,Inland,2007,Februar,305.0,-3.8,1633.0,6.5,5.4
Sachsen-Anhalt,Ausland,2007,Februar,15.0,-21.1,45.0,-57.9,3.0
Sachsen-Anhalt,Gesamt,2007,Februar,320.0,-4.8,1678.0,2.3,5.2
Thüringen,Inland,2007,Februar,265.0,-3.3,1165.0,-36.3,4.4
Thüringen,Ausland,2007,Februar,16.0,220.0,34.0,-32.0,2.1
Thüringen,Gesamt,2007,Februar,281.0,0.7,1199.0,-36.2,4.3
Gesamt,Inland,2007,Februar,29087.0,15.4,128583.0,15.3,4.4
Gesamt,Ausland,2007,Februar,5239.0,12.0,17245.0,7.7,3.3
Gesamt,Gesamt,2007,Februar,34326.0,14.8,145828.0,14.3,4.2
Schleswig-Holstein,Inland,2007,März,1910.0,30.9,5187.0,15.0,2.7
Schleswig-Holstein,Ausland,2007,März,296.0,126.0,632.0,76.0,2.1
Schleswig-Holstein,Gesamt,2007,März,2206.0,38.7,5819.0,19.5,2.6
Hamburg,Inland,2007,März,.,.,.,.,.
Hamburg,Ausland,2007,März,.,.,.,.,.
Hamburg,Gesamt,2007,März,.,.,.,.,.
Niedersachsen,Inland,2007,März,13791.0,71.9,52134.0,148.9,3.8
Niedersachsen,Ausland,2007,März,922.0,12.0,2425.0,-15.7,2.6
Niedersachsen,Gesamt,2007,März,14713.0,66.3,54559.0,129.1,3.7
Bremen,Inland,2007,März,.,.,.,.,.
Bremen,Ausland,2007,März,.,.,.,.,.
Bremen,Gesamt,2007,März,.,.,.,.,.
Nordrhein-Westfalen,Inland,2007,März,4384.0,-19.3,12815.0,-7.3,2.9
Nordrhein-Westfalen,Ausland,2007,März,524.0,-18.8,1585.0,-27.1,3.0
Nordrhein-Westfalen,Gesamt,2007,März,4908.0,-19.2,14400.0,-10.0,2.9
Hessen,Inland,2007,März,4994.0,65.2,13992.0,30.2,2.8
Hessen,Ausland,2007,März,391.0,31.2,1208.0,0.8,3.1
Hessen,Gesamt,2007,März,5385.0,62.1,15200.0,27.2,2.8
Rheinland-Pfalz,Inland,2007,März,3943.0,37.1,10815.0,24.5,2.7
Rheinland-Pfalz,Ausland,2007,März,1106.0,27.4,3259.0,31.9,2.9
Rheinland-Pfalz,Gesamt,2007,März,5049.0,34.9,14074.0,26.1,2.8
Baden-Württemberg,Inland,2007,März,8161.0,58.9,30547.0,38.7,3.7
Baden-Württemberg,Ausland,2007,März,1978.0,64.6,6021.0,42.1,3.0
Baden-Württemberg,Gesamt,2007,März,10139.0,59.9,36568.0,39.2,3.6
Bayern,Inland,2007,März,10266.0,22.3,60007.0,6.5,5.8
Bayern,Ausland,2007,März,1743.0,31.1,4818.0,25.2,2.8
Bayern,Gesamt,2007,März,12009.0,23.5,64825.0,7.7,5.4
Saarland,Inland,2007,März,103.0,145.2,781.0,105.0,7.6
Saarland,Ausland,2007,März,10.0,-16.7,27.0,-6.9,2.7
Saarland,Gesamt,2007,März,113.0,109.3,808.0,97.1,7.2
Berlin,Inland,2007,März,208.0,10.6,559.0,-12.8,2.7
Berlin,Ausland,2007,März,78.0,-29.1,225.0,-24.0,2.9
Berlin,Gesamt,2007,März,286.0,-4.0,784.0,-16.3,2.7
Brandenburg,Inland,2007,März,569.0,205.9,1258.0,80.2,2.2
Brandenburg,Ausland,2007,März,43.0,.,188.0,.,4.4
Brandenburg,Gesamt,2007,März,612.0,229.0,1446.0,107.2,2.4
Mecklenburg-Vorpommern,Inland,2007,März,3104.0,102.7,10453.0,62.5,3.4
Mecklenburg-Vorpommern,Ausland,2007,März,110.0,633.3,227.0,440.5,2.1
Mecklenburg-Vorpommern,Gesamt,2007,März,3214.0,107.9,10680.0,65.0,3.3
Sachsen,Inland,2007,März,1108.0,138.3,3648.0,68.3,3.3
Sachsen,Ausland,2007,März,58.0,222.2,269.0,427.5,4.6
Sachsen,Gesamt,2007,März,1166.0,141.4,3917.0,76.5,3.4
Sachsen-Anhalt,Inland,2007,März,769.0,116.6,2625.0,141.9,3.4
Sachsen-Anhalt,Ausland,2007,März,40.0,48.1,63.0,-38.2,1.6
Sachsen-Anhalt,Gesamt,2007,März,809.0,111.8,2688.0,126.5,3.3
Thüringen,Inland,2007,März,497.0,52.9,2294.0,109.7,4.6
Thüringen,Ausland,2007,März,30.0,275.0,44.0,214.3,1.5
Thüringen,Gesamt,2007,März,527.0,58.3,2338.0,111.0,4.4
Gesamt,Inland,2007,März,54192.0,42.9,207755.0,37.2,3.8
Gesamt,Ausland,2007,März,7333.0,32.9,21003.0,18.4,2.9
Gesamt,Gesamt,2007,März,61525.0,41.6,228758.0,35.2,3.7
Schleswig-Holstein,Inland,2007,April,33072.0,37.2,134858.0,34.4,4.1
Schleswig-Holstein,Ausland,2007,April,2979.0,20.3,7884.0,6.7,2.6
Schleswig-Holstein,Gesamt,2007,April,36051.0,35.6,142742.0,32.5,4.0
Hamburg,Inland,2007,April,.,.,.,.,.
Hamburg,Ausland,2007,April,.,.,.,.,.
Hamburg,Gesamt,2007,April,.,.,.,.,.
Niedersachsen,Inland,2007,April,58037.0,24.1,270263.0,11.6,4.7
Niedersachsen,Ausland,2007,April,4839.0,46.8,12447.0,49.3,2.6
Niedersachsen,Gesamt,2007,April,62876.0,25.6,282710.0,12.8,4.5
Bremen,Inland,2007,April,.,.,.,.,.
Bremen,Ausland,2007,April,.,.,.,.,.
Bremen,Gesamt,2007,April,.,.,.,.,.
Nordrhein-Westfalen,Inland,2007,April,35000.0,68.1,99107.0,80.5,2.8
Nordrhein-Westfalen,Ausland,2007,April,5740.0,120.6,19051.0,158.3,3.3
Nordrhein-Westfalen,Gesamt,2007,April,40740.0,74.0,118158.0,89.8,2.9
Hessen,Inland,2007,April,19948.0,64.6,59804.0,56.8,3.0
Hessen,Ausland,2007,April,1637.0,32.0,3998.0,45.8,2.4
Hessen,Gesamt,2007,April,21585.0,61.6,63802.0,56.1,3.0
Rheinland-Pfalz,Inland,2007,April,31361.0,26.8,93163.0,18.1,3.0
Rheinland-Pfalz,Ausland,2007,April,14173.0,42.4,39618.0,38.2,2.8
Rheinland-Pfalz,Gesamt,2007,April,45534.0,31.3,132781.0,23.5,2.9
Baden-Württemberg,Inland,2007,April,49951.0,52.3,175877.0,42.6,3.5
Baden-Württemberg,Ausland,2007,April,12444.0,62.4,33596.0,54.8,2.7
Baden-Württemberg,Gesamt,2007,April,62395.0,54.2,209473.0,44.4,3.4
Bayern,Inland,2007,April,56578.0,47.2,225483.0,37.0,4.0
Bayern,Ausland,2007,April,9926.0,56.6,22097.0,67.0,2.2
Bayern,Gesamt,2007,April,66504.0,48.5,247580.0,39.2,3.7
Saarland,Inland,2007,April,1892.0,46.6,5225.0,14.6,2.8
Saarland,Ausland,2007,April,142.0,-11.2,294.0,-20.8,2.1
Saarland,Gesamt,2007,April,2034.0,40.2,5519.0,11.9,2.7
Berlin,Inland,2007,April,1177.0,-4.5,4687.0,-13.9,4.0
Berlin,Ausland,2007,April,508.0,39.6,1626.0,46.1,3.2
Berlin,Gesamt,2007,April,1685.0,5.6,6313.0,-3.7,3.7
Brandenburg,Inland,2007,April,11591.0,55.8,31114.0,45.9,2.7
Brandenburg,Ausland,2007,April,657.0,81.5,1823.0,104.1,2.8
Brandenburg,Gesamt,2007,April,12248.0,57.0,32937.0,48.2,2.7
Mecklenburg-Vorpommern,Inland,2007,April,29312.0,61.0,98992.0,68.6,3.4
Mecklenburg-Vorpommern,Ausland,2007,April,747.0,84.0,2097.0,88.1,2.8
Mecklenburg-Vorpommern,Gesamt,2007,April,30059.0,61.5,101089.0,68.9,3.4
Sachsen,Inland,2007,April,9654.0,112.1,27328.0,83.6,2.8
Sachsen,Ausland,2007,April,569.0,99.0,1443.0,116.0,2.5
Sachsen,Gesamt,2007,April,10223.0,111.4,28771.0,85.0,2.8
Sachsen-Anhalt,Inland,2007,April,4984.0,62.1,14560.0,66.3,2.9
Sachsen-Anhalt,Ausland,2007,April,286.0,27.7,732.0,55.4,2.6
Sachsen-Anhalt,Gesamt,2007,April,5270.0,59.7,15292.0,65.8,2.9
Thüringen,Inland,2007,April,3997.0,85.8,11452.0,64.0,2.9
Thüringen,Ausland,2007,April,333.0,214.2,780.0,176.6,2.3
Thüringen,Gesamt,2007,April,4330.0,91.8,12232.0,68.3,2.8
Gesamt,Inland,2007,April,348455.0,45.5,1256153.0,35.6,3.6
Gesamt,Ausland,2007,April,55331.0,54.9,148168.0,56.4,2.7
Gesamt,Gesamt,2007,April,403786.0,46.7,1404321.0,37.5,3.5
Schleswig-Holstein,Inland,2007,Mai,56331.0,51.4,220868.0,27.5,3.9
Schleswig-Holstein,Ausland,2007,Mai,4991.0,37.8,13817.0,58.9,2.8
Schleswig-Holstein,Gesamt,2007,Mai,61322.0,50.2,234685.0,29.0,3.8
Hamburg,Inland,2007,Mai,.,.,.,.,.
Hamburg,Ausland,2007,Mai,.,.,.,.,.
Hamburg,Gesamt,2007,Mai,.,.,.,.,.
Niedersachsen,Inland,2007,Mai,90736.0,64.9,380887.0,39.3,4.2
Niedersachsen,Ausland,2007,Mai,8561.0,34.8,26011.0,57.0,3.0
Niedersachsen,Gesamt,2007,Mai,99297.0,61.8,406898.0,40.3,4.1
Bremen,Inland,2007,Mai,.,.,.,.,.
Bremen,Ausland,2007,Mai,.,.,.,.,.
Bremen,Gesamt,2007,Mai,.,.,.,.,.
Nordrhein-Westfalen,Inland,2007,Mai,47128.0,44.6,143657.0,83.8,3.0
Nordrhein-Westfalen,Ausland,2007,Mai,7524.0,37.8,26263.0,44.2,3.5
Nordrhein-Westfalen,Gesamt,2007,Mai,54652.0,43.6,169920.0,76.3,3.1
Hessen,Inland,2007,Mai,39874.0,46.5,112998.0,47.8,2.8
Hessen,Ausland,2007,Mai,4693.0,37.4,11880.0,31.1,2.5
Hessen,Gesamt,2007,Mai,44567.0,45.5,124878.0,46.0,2.8
Rheinland-Pfalz,Inland,2007,Mai,43973.0,22.8,124010.0,6.2,2.8
Rheinland-Pfalz,Ausland,2007,Mai,22534.0,6.8,73890.0,5.9,3.3
Rheinland-Pfalz,Gesamt,2007,Mai,66507.0,16.9,197900.0,6.1,3.0
Baden-Württemberg,Inland,2007,Mai,58889.0,31.6,215830.0,34.1,3.7
Baden-Württemberg,Ausland,2007,Mai,19862.0,25.9,52205.0,24.6,2.6
Baden-Württemberg,Gesamt,2007,Mai,78751.0,30.1,268035.0,32.2,3.4
Bayern,Inland,2007,Mai,87364.0,44.5,335771.0,41.5,3.8
Bayern,Ausland,2007,Mai,18438.0,19.2,42266.0,21.0,2.3
Bayern,Gesamt,2007,Mai,105802.0,39.4,378037.0,38.9,3.6
Saarland,Inland,2007,Mai,3636.0,84.2,9998.0,49.5,2.7
Saarland,Ausland,2007,Mai,445.0,21.6,1014.0,56.7,2.3
Saarland,Gesamt,2007,Mai,4081.0,74.4,11012.0,50.1,2.7
Berlin,Inland,2007,Mai,1929.0,27.7,6192.0,18.1,3.2
Berlin,Ausland,2007,Mai,807.0,1.4,2710.0,14.2,3.4
Berlin,Gesamt,2007,Mai,2736.0,18.6,8902.0,16.8,3.3
Brandenburg,Inland,2007,Mai,39875.0,101.5,105101.0,106.8,2.6
Brandenburg,Ausland,2007,Mai,1914.0,66.0,5158.0,70.3,2.7
Brandenburg,Gesamt,2007,Mai,41789.0,99.6,110259.0,104.7,2.6
Mecklenburg-Vorpommern,Inland,2007,Mai,81632.0,68.7,253717.0,60.5,3.1
Mecklenburg-Vorpommern,Ausland,2007,Mai,2856.0,55.4,7992.0,50.5,2.8
Mecklenburg-Vorpommern,Gesamt,2007,Mai,84488.0,68.2,261709.0,60.2,3.1
Sachsen,Inland,2007,Mai,25385.0,89.7,68844.0,60.9,2.7
Sachsen,Ausland,2007,Mai,2680.0,62.9,6421.0,53.5,2.4
Sachsen,Gesamt,2007,Mai,28065.0,86.8,75265.0,60.3,2.7
Sachsen-Anhalt,Inland,2007,Mai,14091.0,71.7,35002.0,65.3,2.5
Sachsen-Anhalt,Ausland,2007,Mai,1183.0,36.4,2121.0,23.0,1.8
Sachsen-Anhalt,Gesamt,2007,Mai,15274.0,68.3,37123.0,62.1,2.4
Thüringen,Inland,2007,Mai,13337.0,94.9,33726.0,81.8,2.5
Thüringen,Ausland,2007,Mai,1347.0,31.3,3165.0,12.2,2.3
Thüringen,Gesamt,2007,Mai,14684.0,86.6,36891.0,72.6,2.5
Gesamt,Inland,2007,Mai,606752.0,53.5,2052831.0,44.0,3.4
Gesamt,Ausland,2007,Mai,98394.0,24.0,276050.0,25.4,2.8
Gesamt,Gesamt,2007,Mai,705146.0,48.5,2328881.0,41.5,3.3
Schleswig-Holstein,Inland,2007,Juni,59191.0,-11.7,307475.0,8.7,5.2
Schleswig-Holstein,Ausland,2007,Juni,7515.0,-3.4,16854.0,5.7,2.2
Schleswig-Holstein,Gesamt,2007,Juni,66706.0,-10.8,324329.0,8.5,4.9
Hamburg,Inland,2007,Juni,.,.,.,.,.
Hamburg,Ausland,2007,Juni,.,.,.,.,.
Hamburg,Gesamt,2007,Juni,.,.,.,.,.
Niedersachsen,Inland,2007,Juni,78333.0,-18.2,348254.0,-8.7,4.4
Niedersachsen,Ausland,2007,Juni,13896.0,-3.8,33287.0,8.8,2.4
Niedersachsen,Gesamt,2007,Juni,92229.0,-16.3,381541.0,-7.4,4.1
Bremen,Inland,2007,Juni,.,.,.,.,.
Bremen,Ausland,2007,Juni,.,.,.,.,.
Bremen,Gesamt,2007,Juni,.,.,.,.,.
Nordrhein-Westfalen,Inland,2007,Juni,41541.0,-25.2,112880.0,-20.1,2.7
Nordrhein-Westfalen,Ausland,2007,Juni,7388.0,-36.5,23149.0,-27.4,3.1
Nordrhein-Westfalen,Gesamt,2007,Juni,48929.0,-27.1,136029.0,-21.4,2.8
Hessen,Inland,2007,Juni,47909.0,-6.1,131434.0,-0.7,2.7
Hessen,Ausland,2007,Juni,8985.0,-27.7,21005.0,-28.1,2.3
Hessen,Gesamt,2007,Juni,56894.0,-10.3,152439.0,-5.6,2.7
Rheinland-Pfalz,Inland,2007,Juni,50678.0,-21.8,157197.0,-18.5,3.1
Rheinland-Pfalz,Ausland,2007,Juni,27410.0,-9.5,91671.0,-0.6,3.3
Rheinland-Pfalz,Gesamt,2007,Juni,78088.0,-17.9,248868.0,-12.7,3.2
Baden-Württemberg,Inland,2007,Juni,73220.0,-8.2,274814.0,-4.2,3.8
Baden-Württemberg,Ausland,2007,Juni,30595.0,-28.2,79498.0,-28.7,2.6
Baden-Württemberg,Gesamt,2007,Juni,103815.0,-15.1,354312.0,-11.0,3.4
Bayern,Inland,2007,Juni,125163.0,-6.0,477124.0,-4.1,3.8
Bayern,Ausland,2007,Juni,37247.0,-19.1,81385.0,-20.7,2.2
Bayern,Gesamt,2007,Juni,162410.0,-9.3,558509.0,-6.9,3.4
Saarland,Inland,2007,Juni,4171.0,-29.3,9260.0,-40.9,2.2
Saarland,Ausland,2007,Juni,786.0,-4.0,1568.0,-8.6,2.0
Saarland,Gesamt,2007,Juni,4957.0,-26.2,10828.0,-37.7,2.2
Berlin,Inland,2007,Juni,1807.0,8.7,6500.0,23.4,3.6
Berlin,Ausland,2007,Juni,1216.0,-49.0,3345.0,-40.8,2.8
Berlin,Gesamt,2007,Juni,3023.0,-25.3,9845.0,-9.8,3.3
Brandenburg,Inland,2007,Juni,30645.0,-25.4,75196.0,-27.3,2.5
Brandenburg,Ausland,2007,Juni,3651.0,38.5,9502.0,48.5,2.6
Brandenburg,Gesamt,2007,Juni,34296.0,-21.5,84698.0,-22.9,2.5
Mecklenburg-Vorpommern,Inland,2007,Juni,83383.0,-19.3,335393.0,-7.0,4.0
Mecklenburg-Vorpommern,Ausland,2007,Juni,6394.0,17.4,19669.0,11.5,3.1
Mecklenburg-Vorpommern,Gesamt,2007,Juni,89777.0,-17.4,355062.0,-6.2,4.0
Sachsen,Inland,2007,Juni,20558.0,-11.0,59348.0,-10.1,2.9
Sachsen,Ausland,2007,Juni,4116.0,-29.5,12947.0,1.5,3.1
Sachsen,Gesamt,2007,Juni,24674.0,-14.7,72295.0,-8.2,2.9
Sachsen-Anhalt,Inland,2007,Juni,10715.0,-29.2,25719.0,-30.6,2.4
Sachsen-Anhalt,Ausland,2007,Juni,2337.0,-15.7,4722.0,-19.4,2.0
Sachsen-Anhalt,Gesamt,2007,Juni,13052.0,-27.1,30441.0,-29.0,2.3
Thüringen,Inland,2007,Juni,10849.0,-21.1,26298.0,-23.3,2.4
Thüringen,Ausland,2007,Juni,2405.0,34.1,6185.0,38.4,2.6
Thüringen,Gesamt,2007,Juni,13254.0,-14.7,32483.0,-16.2,2.5
Gesamt,Inland,2007,Juni,641284.0,-14.9,2353719.0,-7.5,3.7
Gesamt,Ausland,2007,Juni,155324.0,-18.1,406994.0,-13.9,2.6
Gesamt,Gesamt,2007,Juni,796608.0,-15.6,2760713.0,-8.5,3.5
Schleswig-Holstein,Inland,2007,August,125485.0,-2.8,772547.0,-6.5,6.2
Schleswig-Holstein,Ausland,2007,August,12295.0,-1.0,29189.0,-4.0,2.4
Schleswig-Holstein,Gesamt,2007,August,137780.0,-2.6,801736.0,-6.4,5.8
Hamburg,Inland,2007,August,.,.,.,.,.
Hamburg,Ausland,2007,August,.,.,.,.,.
Hamburg,Gesamt,2007,August,.,.,.,.,.
Niedersachsen,Inland,2007,August,129907.0,9.9,634270.0,-0.2,4.9
Niedersachsen,Ausland,2007,August,21834.0,2.9,69442.0,-0.7,3.2
Niedersachsen,Gesamt,2007,August,151741.0,8.8,703712.0,-0.2,4.6
Bremen,Inland,2007,August,.,.,.,.,.
Bremen,Ausland,2007,August,.,.,.,.,.
Bremen,Gesamt,2007,August,.,.,.,.,.
Nordrhein-Westfalen,Inland,2007,August,50130.0,25.6,131881.0,7.1,2.6
Nordrhein-Westfalen,Ausland,2007,August,14824.0,4.2,53584.0,-2.7,3.6
Nordrhein-Westfalen,Gesamt,2007,August,64954.0,19.9,185465.0,4.1,2.9
Hessen,Inland,2007,August,64488.0,26.0,187643.0,2.0,2.9
Hessen,Ausland,2007,August,14013.0,3.0,36738.0,-11.4,2.6
Hessen,Gesamt,2007,August,78501.0,21.2,224381.0,-0.5,2.9
Rheinland-Pfalz,Inland,2007,August,54493.0,-5.7,174269.0,-8.6,3.2
Rheinland-Pfalz,Ausland,2007,August,48738.0,-9.2,209241.0,-11.4,4.3
Rheinland-Pfalz,Gesamt,2007,August,103231.0,-7.4,383510.0,-10.1,3.7
Baden-Württemberg,Inland,2007,August,125702.0,26.3,548224.0,14.8,4.4
Baden-Württemberg,Ausland,2007,August,68221.0,8.6,215619.0,1.8,3.2
Baden-Württemberg,Gesamt,2007,August,193923.0,19.4,763843.0,10.8,3.9
Bayern,Inland,2007,August,185752.0,9.9,863323.0,3.7,4.6
Bayern,Ausland,2007,August,86161.0,-1.1,211203.0,2.2,2.5
Bayern,Gesamt,2007,August,271913.0,6.2,1074526.0,3.4,4.0
Saarland,Inland,2007,August,5460.0,15.6,21358.0,34.2,3.9
Saarland,Ausland,2007,August,1446.0,-3.7,3778.0,0.5,2.6
Saarland,Gesamt,2007,August,6906.0,10.9,25136.0,27.8,3.6
Berlin,Inland,2007,August,2906.0,11.6,9244.0,5.1,3.2
Berlin,Ausland,2007,August,3497.0,1.4,10474.0,2.4,3.0
Berlin,Gesamt,2007,August,6403.0,5.8,19718.0,3.7,3.1
Brandenburg,Inland,2007,August,68426.0,14.8,233524.0,7.7,3.4
Brandenburg,Ausland,2007,August,5653.0,16.1,15269.0,19.1,2.7
Brandenburg,Gesamt,2007,August,74079.0,14.9,248793.0,8.4,3.4
Mecklenburg-Vorpommern,Inland,2007,August,243480.0,7.5,1210350.0,6.0,5.0
Mecklenburg-Vorpommern,Ausland,2007,August,9946.0,1.1,31128.0,-7.0,3.1
Mecklenburg-Vorpommern,Gesamt,2007,August,253426.0,7.2,1241478.0,5.6,4.9
Sachsen,Inland,2007,August,36812.0,8.1,123022.0,10.5,3.3
Sachsen,Ausland,2007,August,6119.0,-4.9,17546.0,7.8,2.9
Sachsen,Gesamt,2007,August,42931.0,6.0,140568.0,10.1,3.3
Sachsen-Anhalt,Inland,2007,August,21004.0,10.0,59795.0,12.6,2.8
Sachsen-Anhalt,Ausland,2007,August,3425.0,4.6,7430.0,3.6,2.2
Sachsen-Anhalt,Gesamt,2007,August,24429.0,9.2,67225.0,11.5,2.8
Thüringen,Inland,2007,August,97424.0,35.2,292423.0,33.3,3.0
Thüringen,Ausland,2007,August,4247.0,1.7,11212.0,-1.1,2.6
Thüringen,Gesamt,2007,August,101671.0,33.3,303635.0,31.6,3.0
Gesamt,Inland,2007,August,1216892.0,11.7,5272441.0,4.4,4.3
Gesamt,Ausland,2007,August,302214.0,0.4,924933.0,-2.7,3.1
Gesamt,Gesamt,2007,August,1519106.0,9.3,6197374.0,3.3,4.1
Schleswig-Holstein,Inland,2007,September,34651.0,-14.0,188337.0,5.7,5.4
Schleswig-Holstein,Ausland,2007,September,3298.0,3.9,7506.0,5.7,2.3
Schleswig-Holstein,Gesamt,2007,September,37949.0,-12.7,195843.0,5.7,5.2
Hamburg,Inland,2007,September,.,.,.,.,.
Hamburg,Ausland,2007,September,.,.,.,.,.
Hamburg,Gesamt,2007,September,.,.,.,.,.
Niedersachsen,Inland,2007,September,47932.0,-4.0,208134.0,0.9,4.3
Niedersachsen,Ausland,2007,September,6961.0,-4.5,19297.0,-7.5,2.8
Niedersachsen,Gesamt,2007,September,54893.0,-4.0,227431.0,0.2,4.1
Bremen,Inland,2007,September,.,.,.,.,.
Bremen,Ausland,2007,September,.,.,.,.,.
Bremen,Gesamt,2007,September,.,.,.,.,.
Nordrhein-Westfalen,Inland,2007,September,24770.0,8.9,72849.0,30.1,2.9
Nordrhein-Westfalen,Ausland,2007,September,5371.0,-8.3,15543.0,-7.5,2.9
Nordrhein-Westfalen,Gesamt,2007,September,30141.0,5.4,88392.0,21.4,2.9
Hessen,Inland,2007,September,23449.0,-8.2,67098.0,-7.6,2.9
Hessen,Ausland,2007,September,4482.0,9.2,10609.0,6.5,2.4
Hessen,Gesamt,2007,September,27931.0,-5.8,77707.0,-5.9,2.8
Rheinland-Pfalz,Inland,2007,September,41052.0,-5.5,127341.0,-2.7,3.1
Rheinland-Pfalz,Ausland,2007,September,22443.0,-13.8,84424.0,-8.2,3.8
Rheinland-Pfalz,Gesamt,2007,September,63495.0,-8.6,211765.0,-5.0,3.3
Baden-Württemberg,Inland,2007,September,50250.0,-17.6,203006.0,-13.3,4.0
Baden-Württemberg,Ausland,2007,September,16515.0,-18.1,44623.0,-18.1,2.7
Baden-Württemberg,Gesamt,2007,September,66765.0,-17.7,247629.0,-14.2,3.7
Bayern,Inland,2007,September,73098.0,-22.6,314356.0,-20.3,4.3
Bayern,Ausland,2007,September,25460.0,-6.0,58800.0,-5.6,2.3
Bayern,Gesamt,2007,September,98558.0,-18.9,373156.0,-18.3,3.8
Saarland,Inland,2007,September,1469.0,-13.7,4242.0,-10.2,2.9
Saarland,Ausland,2007,September,556.0,21.1,1243.0,7.2,2.2
Saarland,Gesamt,2007,September,2025.0,-6.3,5485.0,-6.8,2.7
Berlin,Inland,2007,September,1447.0,-4.4,4807.0,-17.1,3.3
Berlin,Ausland,2007,September,713.0,-21.3,2283.0,-32.6,3.2
Berlin,Gesamt,2007,September,2160.0,-10.7,7090.0,-22.8,3.3
Brandenburg,Inland,2007,September,14495.0,-15.6,42339.0,-12.4,2.9
Brandenburg,Ausland,2007,September,1861.0,46.1,5161.0,29.9,2.8
Brandenburg,Gesamt,2007,September,16356.0,-11.3,47500.0,-9.2,2.9
Mecklenburg-Vorpommern,Inland,2007,September,50480.0,-17.2,222320.0,-6.0,4.4
Mecklenburg-Vorpommern,Ausland,2007,September,2426.0,-10.6,6996.0,-15.5,2.9
Mecklenburg-Vorpommern,Gesamt,2007,September,52906.0,-16.9,229316.0,-6.3,4.3
Sachsen,Inland,2007,September,11402.0,-20.2,37153.0,-12.9,3.3
Sachsen,Ausland,2007,September,1419.0,-23.3,4538.0,-7.6,3.2
Sachsen,Gesamt,2007,September,12821.0,-20.5,41691.0,-12.4,3.3
Sachsen-Anhalt,Inland,2007,September,6678.0,-9.4,17398.0,3.1,2.6
Sachsen-Anhalt,Ausland,2007,September,897.0,-2.7,2090.0,-1.4,2.3
Sachsen-Anhalt,Gesamt,2007,September,7575.0,-8.6,19488.0,2.6,2.6
Thüringen,Inland,2007,September,5715.0,-8.3,16489.0,-4.4,2.9
Thüringen,Ausland,2007,September,1505.0,45.6,3987.0,37.1,2.6
Thüringen,Gesamt,2007,September,7220.0,-0.7,20476.0,1.6,2.8
Gesamt,Inland,2007,September,389365.0,-13.3,1531295.0,-7.2,3.9
Gesamt,Ausland,2007,September,94365.0,-8.7,267929.0,-8.0,2.8
Gesamt,Gesamt,2007,September,483730.0,-12.4,1799224.0,-7.3,3.7
Schleswig-Holstein,Inland,2007,Oktober,14013.0,-16.4,82755.0,-8.4,5.9
Schleswig-Holstein,Ausland,2007,Oktober,1475.0,-14.4,3582.0,-19.1,2.4
Schleswig-Holstein,Gesamt,2007,Oktober,15488.0,-16.2,86337.0,-8.9,5.6
Hamburg,Inland,2007,Oktober,.,.,.,.,.
Hamburg,Ausland,2007,Oktober,.,.,.,.,.
Hamburg,Gesamt,2007,Oktober,.,.,.,.,.
Niedersachsen,Inland,2007,Oktober,39324.0,3.4,196279.0,-2.6,5.0
Niedersachsen,Ausland,2007,Oktober,3274.0,6.8,8761.0,10.2,2.7
Niedersachsen,Gesamt,2007,Oktober,42598.0,3.7,205040.0,-2.1,4.8
Bremen,Inland,2007,Oktober,.,.,.,.,.
Bremen,Ausland,2007,Oktober,.,.,.,.,.
Bremen,Gesamt,2007,Oktober,.,.,.,.,.
Nordrhein-Westfalen,Inland,2007,Oktober,13692.0,-12.4,52790.0,2.8,3.9
Nordrhein-Westfalen,Ausland,2007,Oktober,2710.0,-3.3,8785.0,7.6,3.2
Nordrhein-Westfalen,Gesamt,2007,Oktober,16402.0,-11.0,61575.0,3.5,3.8
Hessen,Inland,2007,Oktober,13444.0,2.9,39221.0,-9.2,2.9
Hessen,Ausland,2007,Oktober,1286.0,7.4,3132.0,-6.5,2.4
Hessen,Gesamt,2007,Oktober,14730.0,3.3,42353.0,-9.0,2.9
Rheinland-Pfalz,Inland,2007,Oktober,28709.0,-15.5,94678.0,-11.6,3.3
Rheinland-Pfalz,Ausland,2007,Oktober,10848.0,-12.8,41534.0,-8.8,3.8
Rheinland-Pfalz,Gesamt,2007,Oktober,39557.0,-14.8,136212.0,-10.8,3.4
Baden-Württemberg,Inland,2007,Oktober,28690.0,3.8,127116.0,-1.8,4.4
Baden-Württemberg,Ausland,2007,Oktober,6092.0,-9.6,19312.0,-10.8,3.2
Baden-Württemberg,Gesamt,2007,Oktober,34782.0,1.2,146428.0,-3.1,4.2
Bayern,Inland,2007,Oktober,44027.0,-9.0,201844.0,-8.0,4.6
Bayern,Ausland,2007,Oktober,10680.0,61.8,29428.0,35.7,2.8
Bayern,Gesamt,2007,Oktober,54707.0,-0.5,231272.0,-4.1,4.2
Saarland,Inland,2007,Oktober,879.0,42.0,3765.0,81.5,4.3
Saarland,Ausland,2007,Oktober,75.0,-42.3,131.0,-70.6,1.7
Saarland,Gesamt,2007,Oktober,954.0,27.4,3896.0,54.6,4.1
Berlin,Inland,2007,Oktober,921.0,-39.4,3775.0,-42.0,4.1
Berlin,Ausland,2007,Oktober,320.0,-29.2,980.0,-33.8,3.1
Berlin,Gesamt,2007,Oktober,1241.0,-37.1,4755.0,-40.5,3.8
Brandenburg,Inland,2007,Oktober,5901.0,-5.5,19351.0,-6.6,3.3
Brandenburg,Ausland,2007,Oktober,358.0,-30.1,1014.0,-38.7,2.8
Brandenburg,Gesamt,2007,Oktober,6259.0,-7.4,20365.0,-9.0,3.3
Mecklenburg-Vorpommern,Inland,2007,Oktober,19183.0,-13.2,85193.0,-8.2,4.4
Mecklenburg-Vorpommern,Ausland,2007,Oktober,663.0,-2.2,1681.0,-11.2,2.5
Mecklenburg-Vorpommern,Gesamt,2007,Oktober,19846.0,-12.8,86874.0,-8.3,4.4
Sachsen,Inland,2007,Oktober,6528.0,-3.7,22441.0,-9.8,3.4
Sachsen,Ausland,2007,Oktober,347.0,-39.4,974.0,-20.0,2.8
Sachsen,Gesamt,2007,Oktober,6875.0,-6.4,23415.0,-10.3,3.4
Sachsen-Anhalt,Inland,2007,Oktober,3207.0,-23.7,10248.0,-16.2,3.2
Sachsen-Anhalt,Ausland,2007,Oktober,203.0,-25.9,439.0,-31.6,2.2
Sachsen-Anhalt,Gesamt,2007,Oktober,3410.0,-23.9,10687.0,-17.0,3.1
Thüringen,Inland,2007,Oktober,2988.0,-13.7,8893.0,-20.0,3.0
Thüringen,Ausland,2007,Oktober,275.0,-4.8,678.0,-43.0,2.5
Thüringen,Gesamt,2007,Oktober,3263.0,-13.0,9571.0,-22.3,2.9
Gesamt,Inland,2007,Oktober,223425.0,-7.2,952862.0,-6.4,4.3
Gesamt,Ausland,2007,Oktober,38923.0,2.9,120945.0,-0.9,3.1
Gesamt,Gesamt,2007,Oktober,262348.0,-5.8,1073807.0,-5.8,4.1
Schleswig-Holstein,Inland,2007,November,1004.0,-2.2,3279.0,28.1,3.3
Schleswig-Holstein,Ausland,2007,November,170.0,1.8,282.0,-7.8,1.7
Schleswig-Holstein,Gesamt,2007,November,1174.0,-1.7,3561.0,24.3,3.0
Hamburg,Inland,2007,November,.,.,.,.,.
Hamburg,Ausland,2007,November,.,.,.,.,.
Hamburg,Gesamt,2007,November,.,.,.,.,.
Niedersachsen,Inland,2007,November,6848.0,45.9,29107.0,35.0,4.3
Niedersachsen,Ausland,2007,November,658.0,151.1,1783.0,104.9,2.7
Niedersachsen,Gesamt,2007,November,7506.0,51.4,30890.0,37.7,4.1
Bremen,Inland,2007,November,.,.,.,.,.
Bremen,Ausland,2007,November,.,.,.,.,.
Bremen,Gesamt,2007,November,.,.,.,.,.
Nordrhein-Westfalen,Inland,2007,November,3966.0,29.0,14347.0,71.9,3.6
Nordrhein-Westfalen,Ausland,2007,November,751.0,52.0,2284.0,56.8,3.0
Nordrhein-Westfalen,Gesamt,2007,November,4717.0,32.2,16631.0,69.7,3.5
Hessen,Inland,2007,November,3682.0,14.7,12629.0,12.2,3.4
Hessen,Ausland,2007,November,118.0,-39.2,309.0,-35.5,2.6
Hessen,Gesamt,2007,November,3800.0,11.6,12938.0,10.2,3.4
Rheinland-Pfalz,Inland,2007,November,3276.0,10.9,8314.0,9.0,2.5
Rheinland-Pfalz,Ausland,2007,November,573.0,-17.0,2029.0,-17.6,3.5
Rheinland-Pfalz,Gesamt,2007,November,3849.0,5.7,10343.0,2.5,2.7
Baden-Württemberg,Inland,2007,November,5680.0,-2.4,28136.0,-7.3,5.0
Baden-Württemberg,Ausland,2007,November,1385.0,7.9,4095.0,-9.5,3.0
Baden-Württemberg,Gesamt,2007,November,7065.0,-0.5,32231.0,-7.6,4.6
Bayern,Inland,2007,November,6961.0,19.6,36188.0,2.0,5.2
Bayern,Ausland,2007,November,1057.0,75.6,3027.0,33.7,2.9
Bayern,Gesamt,2007,November,8018.0,24.8,39215.0,3.9,4.9
Saarland,Inland,2007,November,58.0,-24.7,436.0,1.6,7.5
Saarland,Ausland,2007,November,4.0,-77.8,24.0,-57.1,6.0
Saarland,Gesamt,2007,November,62.0,-34.7,460.0,-5.2,7.4
Berlin,Inland,2007,November,218.0,-1.4,1087.0,15.1,5.0
Berlin,Ausland,2007,November,66.0,3.1,271.0,44.1,4.1
Berlin,Gesamt,2007,November,284.0,-0.4,1358.0,20.0,4.8
Brandenburg,Inland,2007,November,948.0,208.8,4466.0,324.5,4.7
Brandenburg,Ausland,2007,November,54.0,440.0,350.0,929.4,6.5
Brandenburg,Gesamt,2007,November,1002.0,216.1,4816.0,343.5,4.8
Mecklenburg-Vorpommern,Inland,2007,November,1286.0,-5.9,6691.0,13.0,5.2
Mecklenburg-Vorpommern,Ausland,2007,November,16.0,-57.9,16.0,-78.4,1.0
Mecklenburg-Vorpommern,Gesamt,2007,November,1302.0,-7.3,6707.0,11.8,5.2
Sachsen,Inland,2007,November,637.0,19.1,1938.0,29.2,3.0
Sachsen,Ausland,2007,November,76.0,38.2,155.0,38.4,2.0
Sachsen,Gesamt,2007,November,713.0,20.8,2093.0,29.8,2.9
Sachsen-Anhalt,Inland,2007,November,368.0,-1.9,1166.0,-30.2,3.2
Sachsen-Anhalt,Ausland,2007,November,17.0,6.3,34.0,-67.9,2.0
Sachsen-Anhalt,Gesamt,2007,November,385.0,-1.5,1200.0,-32.5,3.1
Thüringen,Inland,2007,November,389.0,25.5,1172.0,-8.0,3.0
Thüringen,Ausland,2007,November,21.0,16.7,53.0,-29.3,2.5
Thüringen,Gesamt,2007,November,410.0,25.0,1225.0,-9.2,3.0
Gesamt,Inland,2007,November,36565.0,19.0,151563.0,14.8,4.1
Gesamt,Ausland,2007,November,4974.0,26.1,14734.0,12.6,3.0
Gesamt,Gesamt,2007,November,41539.0,19.8,166297.0,14.6,4.0
Schleswig-Holstein,Inland,2007,Dezember,1235.0,-20.0,4219.0,15.5,3.4
Schleswig-Holstein,Ausland,2007,Dezember,169.0,25.2,450.0,23.3,2.7
Schleswig-Holstein,Gesamt,2007,Dezember,1404.0,-16.4,4669.0,16.2,3.3
Hamburg,Inland,2007,Dezember,.,.,.,.,.
Hamburg,Ausland,2007,Dezember,.,.,.,.,.
Hamburg,Gesamt,2007,Dezember,.,.,.,.,.
Niedersachsen,Inland,2007,Dezember,7000.0,-3.1,31742.0,-5.0,4.5
Niedersachsen,Ausland,2007,Dezember,314.0,-23.2,964.0,-35.5,3.1
Niedersachsen,Gesamt,2007,Dezember,7314.0,-4.2,32706.0,-6.3,4.5
Bremen,Inland,2007,Dezember,.,.,.,.,.
Bremen,Ausland,2007,Dezember,.,.,.,.,.
Bremen,Gesamt,2007,Dezember,.,.,.,.,.
Nordrhein-Westfalen,Inland,2007,Dezember,5084.0,10.7,17462.0,7.9,3.4
Nordrhein-Westfalen,Ausland,2007,Dezember,1303.0,22.9,3958.0,26.5,3.0
Nordrhein-Westfalen,Gesamt,2007,Dezember,6387.0,13.0,21420.0,10.9,3.4
Hessen,Inland,2007,Dezember,3655.0,8.4,14718.0,18.2,4.0
Hessen,Ausland,2007,Dezember,148.0,-33.3,580.0,-37.8,3.9
Hessen,Gesamt,2007,Dezember,3803.0,5.8,15298.0,14.3,4.0
Rheinland-Pfalz,Inland,2007,Dezember,2106.0,7.1,6091.0,-6.1,2.9
Rheinland-Pfalz,Ausland,2007,Dezember,766.0,41.9,2505.0,25.5,3.3
Rheinland-Pfalz,Gesamt,2007,Dezember,2872.0,14.6,8596.0,1.3,3.0
Baden-Württemberg,Inland,2007,Dezember,5638.0,0.2,27263.0,-4.5,4.8
Baden-Württemberg,Ausland,2007,Dezember,1788.0,-3.1,5214.0,5.0,2.9
Baden-Württemberg,Gesamt,2007,Dezember,7426.0,-0.6,32477.0,-3.1,4.4
Bayern,Inland,2007,Dezember,10712.0,8.1,60306.0,-6.6,5.6
Bayern,Ausland,2007,Dezember,1503.0,-21.4,5181.0,-35.8,3.4
Bayern,Gesamt,2007,Dezember,12215.0,3.4,65487.0,-9.8,5.4
Saarland,Inland,2007,Dezember,21.0,-22.2,100.0,-14.5,4.8
Saarland,Ausland,2007,Dezember,.,.,.,.,.
Saarland,Gesamt,2007,Dezember,21.0,-41.7,100.0,-51.7,4.8
Berlin,Inland,2007,Dezember,91.0,-45.5,447.0,-31.4,4.9
Berlin,Ausland,2007,Dezember,47.0,-23.0,155.0,-0.6,3.3
Berlin,Gesamt,2007,Dezember,138.0,-39.5,602.0,-25.5,4.4
Brandenburg,Inland,2007,Dezember,339.0,25.1,802.0,-9.5,2.4
Brandenburg,Ausland,2007,Dezember,10.0,900.0,21.0,950.0,2.1
Brandenburg,Gesamt,2007,Dezember,349.0,28.3,823.0,-7.3,2.4
Mecklenburg-Vorpommern,Inland,2007,Dezember,1715.0,-29.9,7294.0,-18.6,4.3
Mecklenburg-Vorpommern,Ausland,2007,Dezember,9.0,-43.7,13.0,-63.9,1.4
Mecklenburg-Vorpommern,Gesamt,2007,Dezember,1724.0,-29.9,7307.0,-18.8,4.2
Sachsen,Inland,2007,Dezember,1440.0,46.3,5808.0,83.7,4.0
Sachsen,Ausland,2007,Dezember,26.0,30.0,114.0,72.7,4.4
Sachsen,Gesamt,2007,Dezember,1466.0,46.0,5922.0,83.5,4.0
Sachsen-Anhalt,Inland,2007,Dezember,473.0,19.4,2336.0,10.7,4.9
Sachsen-Anhalt,Ausland,2007,Dezember,11.0,37.5,80.0,344.4,7.3
Sachsen-Anhalt,Gesamt,2007,Dezember,484.0,19.8,2416.0,13.5,5.0
Thüringen,Inland,2007,Dezember,496.0,6.7,1619.0,3.8,3.3
Thüringen,Ausland,2007,Dezember,11.0,37.5,24.0,71.4,2.2
Thüringen,Gesamt,2007,Dezember,507.0,7.2,1643.0,4.4,3.2
Gesamt,Inland,2007,Dezember,40080.0,2.5,180446.0,-1.4,4.5
Gesamt,Ausland,2007,Dezember,6111.0,-2.3,19280.0,-9.7,3.2
Gesamt,Gesamt,2007,Dezember,46191.0,1.8,199726.0,-2.3,4.3
Schleswig-Holstein,Inland,2008,Januar,386.0,35.0,2532.0,87.8,6.6
Schleswig-Holstein,Ausland,2008,Januar,80.0,15.9,255.0,59.4,3.2
Schleswig-Holstein,Gesamt,2008,Januar,466.0,31.3,2787.0,84.8,6.0
Hamburg,Inland,2008,Januar,.,.,.,.,.
Hamburg,Ausland,2008,Januar,.,.,.,.,.
Hamburg,Gesamt,2008,Januar,.,.,.,.,.
Niedersachsen,Inland,2008,Januar,5388.0,62.5,23343.0,65.5,4.3
Niedersachsen,Ausland,2008,Januar,326.0,69.8,1104.0,94.0,3.4
Niedersachsen,Gesamt,2008,Januar,5714.0,62.9,24447.0,66.6,4.3
Bremen,Inland,2008,Januar,.,.,.,.,.
Bremen,Ausland,2008,Januar,.,.,.,.,.
Bremen,Gesamt,2008,Januar,.,.,.,.,.
Nordrhein-Westfalen,Inland,2008,Januar,3306.0,116.4,11701.0,82.5,3.5
Nordrhein-Westfalen,Ausland,2008,Januar,357.0,64.5,1153.0,46.9,3.2
Nordrhein-Westfalen,Gesamt,2008,Januar,3663.0,109.9,12854.0,78.6,3.5
Hessen,Inland,2008,Januar,3053.0,37.5,12121.0,28.9,4.0
Hessen,Ausland,2008,Januar,201.0,17.5,688.0,-7.8,3.4
Hessen,Gesamt,2008,Januar,3254.0,36.1,12809.0,26.2,3.9
Rheinland-Pfalz,Inland,2008,Januar,1811.0,44.9,5231.0,32.8,2.9
Rheinland-Pfalz,Ausland,2008,Januar,794.0,63.7,1836.0,-8.0,2.3
Rheinland-Pfalz,Gesamt,2008,Januar,2605.0,50.1,7067.0,19.1,2.7
Baden-Württemberg,Inland,2008,Januar,4853.0,11.6,27875.0,10.4,5.7
Baden-Württemberg,Ausland,2008,Januar,1108.0,10.7,3577.0,20.2,3.2
Baden-Württemberg,Gesamt,2008,Januar,5961.0,11.4,31452.0,11.4,5.3
Bayern,Inland,2008,Januar,8909.0,-1.9,64287.0,-7.8,7.2
Bayern,Ausland,2008,Januar,1226.0,-3.4,5914.0,47.3,4.8
Bayern,Gesamt,2008,Januar,10135.0,-2.1,70201.0,-4.8,6.9
Saarland,Inland,2008,Januar,20.0,-23.1,161.0,17.5,8.1
Saarland,Ausland,2008,Januar,2.0,.,423.0,.,211.5
Saarland,Gesamt,2008,Januar,22.0,-15.4,584.0,326.3,26.5
Berlin,Inland,2008,Januar,66.0,-31.2,227.0,-43.8,3.4
Berlin,Ausland,2008,Januar,18.0,-60.9,39.0,-67.5,2.2
Berlin,Gesamt,2008,Januar,84.0,-40.8,266.0,-49.2,3.2
Brandenburg,Inland,2008,Januar,95.0,-28.0,424.0,-18.8,4.5
Brandenburg,Ausland,2008,Januar,6.0,-25.0,32.0,45.5,5.3
Brandenburg,Gesamt,2008,Januar,101.0,-27.9,456.0,-16.2,4.5
Mecklenburg-Vorpommern,Inland,2008,Januar,1028.0,4.0,4183.0,-29.7,4.1
Mecklenburg-Vorpommern,Ausland,2008,Januar,1.0,-87.5,3.0,-87.5,3.0
Mecklenburg-Vorpommern,Gesamt,2008,Januar,1029.0,3.3,4186.0,-29.9,4.1
Sachsen,Inland,2008,Januar,549.0,137.7,1953.0,55.6,3.6
Sachsen,Ausland,2008,Januar,17.0,-5.6,54.0,-18.2,3.2
Sachsen,Gesamt,2008,Januar,566.0,127.3,2007.0,51.9,3.5
Sachsen-Anhalt,Inland,2008,Januar,656.0,42.3,2089.0,-11.1,3.2
Sachsen-Anhalt,Ausland,2008,Januar,15.0,15.4,142.0,389.7,9.5
Sachsen-Anhalt,Gesamt,2008,Januar,671.0,41.6,2231.0,-6.3,3.3
Thüringen,Inland,2008,Januar,491.0,-15.5,2573.0,-16.5,5.2
Thüringen,Ausland,2008,Januar,10.0,11.1,46.0,-61.7,4.6
Thüringen,Gesamt,2008,Januar,501.0,-15.1,2619.0,-18.2,5.2
Gesamt,Inland,2008,Januar,30646.0,24.7,158770.0,10.3,5.2
Gesamt,Ausland,2008,Januar,4164.0,18.7,15270.0,31.3,3.7
Gesamt,Gesamt,2008,Januar,34810.0,24.0,174040.0,11.9,5.0
Schleswig-Holstein,Inland,2008,Februar,780.0,52.0,2437.0,70.4,3.1
Schleswig-Holstein,Ausland,2008,Februar,64.0,42.2,134.0,71.8,2.1
Schleswig-Holstein,Gesamt,2008,Februar,844.0,51.3,2571.0,70.5,3.0
Hamburg,Inland,2008,Februar,.,.,.,.,.
Hamburg,Ausland,2008,Februar,.,.,.,.,.
Hamburg,Gesamt,2008,Februar,.,.,.,.,.
Niedersachsen,Inland,2008,Februar,4264.0,16.9,14635.0,-3.5,3.4
Niedersachsen,Ausland,2008,Februar,360.0,-20.9,947.0,15.9,2.6
Niedersachsen,Gesamt,2008,Februar,4624.0,12.7,15582.0,-2.5,3.4
Bremen,Inland,2008,Februar,.,.,.,.,.
Bremen,Ausland,2008,Februar,.,.,.,.,.
Bremen,Gesamt,2008,Februar,.,.,.,.,.
Nordrhein-Westfalen,Inland,2008,Februar,4590.0,45.7,13452.0,45.5,2.9
Nordrhein-Westfalen,Ausland,2008,Februar,796.0,7.4,2531.0,-0.2,3.2
Nordrhein-Westfalen,Gesamt,2008,Februar,5386.0,38.4,15983.0,35.7,3.0
Hessen,Inland,2008,Februar,3157.0,30.3,10982.0,24.2,3.5
Hessen,Ausland,2008,Februar,247.0,33.5,621.0,32.7,2.5
Hessen,Gesamt,2008,Februar,3404.0,30.5,11603.0,24.6,3.4
Rheinland-Pfalz,Inland,2008,Februar,3147.0,-1.3,7709.0,-0.7,2.4
Rheinland-Pfalz,Ausland,2008,Februar,681.0,-9.2,1693.0,-20.4,2.5
Rheinland-Pfalz,Gesamt,2008,Februar,3828.0,-2.8,9402.0,-4.9,2.5
Baden-Württemberg,Inland,2008,Februar,4989.0,13.0,24087.0,1.3,4.8
Baden-Württemberg,Ausland,2008,Februar,1594.0,19.9,5495.0,20.8,3.4
Baden-Württemberg,Gesamt,2008,Februar,6583.0,14.6,29582.0,4.5,4.5
Bayern,Inland,2008,Februar,8668.0,8.7,46572.0,-3.5,5.4
Bayern,Ausland,2008,Februar,1880.0,17.4,8029.0,41.0,4.3
Bayern,Gesamt,2008,Februar,10548.0,10.2,54601.0,1.2,5.2
Saarland,Inland,2008,Februar,55.0,-3.5,375.0,10.6,6.8
Saarland,Ausland,2008,Februar,6.0,-50.0,8.0,-79.5,1.3
Saarland,Gesamt,2008,Februar,61.0,-11.6,383.0,1.3,6.3
Berlin,Inland,2008,Februar,89.0,17.1,187.0,-29.7,2.1
Berlin,Ausland,2008,Februar,61.0,35.6,276.0,74.7,4.5
Berlin,Gesamt,2008,Februar,150.0,24.0,463.0,9.2,3.1
Brandenburg,Inland,2008,Februar,159.0,-83.4,427.0,-71.0,2.7
Brandenburg,Ausland,2008,Februar,30.0,-11.8,170.0,117.9,5.7
Brandenburg,Gesamt,2008,Februar,189.0,-80.9,597.0,-61.5,3.2
Mecklenburg-Vorpommern,Inland,2008,Februar,863.0,-28.4,3952.0,-27.5,4.6
Mecklenburg-Vorpommern,Ausland,2008,Februar,16.0,23.1,28.0,75.0,1.8
Mecklenburg-Vorpommern,Gesamt,2008,Februar,879.0,-27.9,3980.0,-27.2,4.5
Sachsen,Inland,2008,Februar,376.0,3.9,1318.0,-7.3,3.5
Sachsen,Ausland,2008,Februar,15.0,-6.2,37.0,15.6,2.5
Sachsen,Gesamt,2008,Februar,391.0,3.4,1355.0,-6.8,3.5
Sachsen-Anhalt,Inland,2008,Februar,456.0,49.5,1393.0,-14.7,3.1
Sachsen-Anhalt,Ausland,2008,Februar,12.0,-20.0,72.0,60.0,6.0
Sachsen-Anhalt,Gesamt,2008,Februar,468.0,46.3,1465.0,-12.7,3.1
Thüringen,Inland,2008,Februar,258.0,-2.6,855.0,-26.6,3.3
Thüringen,Ausland,2008,Februar,22.0,37.5,94.0,176.5,4.3
Thüringen,Gesamt,2008,Februar,280.0,-0.4,949.0,-20.9,3.4
Gesamt,Inland,2008,Februar,32201.0,11.6,128984.0,1.8,4.0
Gesamt,Ausland,2008,Februar,5790.0,10.0,20142.0,20.8,3.5
Gesamt,Gesamt,2008,Februar,37991.0,11.4,149126.0,4.0,3.9
Schleswig-Holstein,Inland,2008,März,7419.0,135.4,38559.0,371.8,5.2
Schleswig-Holstein,Ausland,2008,März,1181.0,177.2,3720.0,416.0,3.1
Schleswig-Holstein,Gesamt,2008,März,8600.0,140.4,42279.0,375.4,4.9
Hamburg,Inland,2008,März,.,.,.,.,.
Hamburg,Ausland,2008,März,.,.,.,.,.
Hamburg,Gesamt,2008,März,.,.,.,.,.
Niedersachsen,Inland,2008,März,24663.0,75.4,112830.0,140.9,4.6
Niedersachsen,Ausland,2008,März,1472.0,60.5,4440.0,117.3,3.0
Niedersachsen,Gesamt,2008,März,26135.0,74.5,117270.0,139.9,4.5
Bremen,Inland,2008,März,.,.,.,.,.
Bremen,Ausland,2008,März,.,.,.,.,.
Bremen,Gesamt,2008,März,.,.,.,.,.
Nordrhein-Westfalen,Inland,2008,März,10551.0,78.2,39160.0,160.3,3.7
Nordrhein-Westfalen,Ausland,2008,März,1155.0,50.6,3549.0,38.5,3.1
Nordrhein-Westfalen,Gesamt,2008,März,11706.0,75.1,42709.0,142.6,3.6
Hessen,Inland,2008,März,8105.0,87.3,25882.0,104.6,3.2
Hessen,Ausland,2008,März,709.0,101.4,1883.0,62.7,2.7
Hessen,Gesamt,2008,März,8814.0,88.3,27765.0,101.0,3.2
Rheinland-Pfalz,Inland,2008,März,9372.0,137.9,29597.0,175.2,3.2
Rheinland-Pfalz,Ausland,2008,März,2291.0,106.8,7370.0,126.0,3.2
Rheinland-Pfalz,Gesamt,2008,März,11663.0,131.1,36967.0,163.8,3.2
Baden-Württemberg,Inland,2008,März,15047.0,88.5,60907.0,104.1,4.0
Baden-Württemberg,Ausland,2008,März,2937.0,53.4,9357.0,57.2,3.2
Baden-Württemberg,Gesamt,2008,März,17984.0,81.7,70264.0,96.3,3.9
Bayern,Inland,2008,März,18462.0,82.1,91487.0,65.0,5.0
Bayern,Ausland,2008,März,2537.0,62.8,7073.0,92.0,2.8
Bayern,Gesamt,2008,März,20999.0,79.6,98560.0,66.7,4.7
Saarland,Inland,2008,März,272.0,142.9,1366.0,90.8,5.0
Saarland,Ausland,2008,März,31.0,210.0,62.0,342.9,2.0
Saarland,Gesamt,2008,März,303.0,148.4,1428.0,95.6,4.7
Berlin,Inland,2008,März,495.0,138.0,2088.0,273.5,4.2
Berlin,Ausland,2008,März,231.0,196.2,983.0,336.9,4.3
Berlin,Gesamt,2008,März,726.0,153.8,3071.0,291.7,4.2
Brandenburg,Inland,2008,März,1657.0,191.2,5724.0,355.0,3.5
Brandenburg,Ausland,2008,März,154.0,258.1,496.0,163.8,3.2
Brandenburg,Gesamt,2008,März,1811.0,195.9,6220.0,330.2,3.4
Mecklenburg-Vorpommern,Inland,2008,März,10176.0,227.8,43396.0,315.2,4.3
Mecklenburg-Vorpommern,Ausland,2008,März,332.0,201.8,1323.0,482.8,4.0
Mecklenburg-Vorpommern,Gesamt,2008,März,10508.0,226.9,44719.0,318.7,4.3
Sachsen,Inland,2008,März,2117.0,126.4,7940.0,152.1,3.8
Sachsen,Ausland,2008,März,61.0,8.9,260.0,-0.8,4.3
Sachsen,Gesamt,2008,März,2178.0,119.8,8200.0,140.4,3.8
Sachsen-Anhalt,Inland,2008,März,1443.0,107.0,5412.0,115.1,3.8
Sachsen-Anhalt,Ausland,2008,März,141.0,261.5,763.0,.,5.4
Sachsen-Anhalt,Gesamt,2008,März,1584.0,115.2,6175.0,139.7,3.9
Thüringen,Inland,2008,März,1032.0,107.6,3375.0,47.1,3.3
Thüringen,Ausland,2008,März,71.0,136.7,341.0,675.0,4.8
Thüringen,Gesamt,2008,März,1103.0,109.3,3716.0,58.9,3.4
Gesamt,Inland,2008,März,111770.0,99.5,469680.0,134.4,4.2
Gesamt,Ausland,2008,März,13324.0,79.8,41677.0,104.2,3.1
Gesamt,Gesamt,2008,März,125094.0,97.2,511357.0,131.6,4.1
Schleswig-Holstein,Inland,2008,April,25642.0,-20.2,71552.0,-45.3,2.8
Schleswig-Holstein,Ausland,2008,April,2179.0,-24.5,4436.0,-41.9,2.0
Schleswig-Holstein,Gesamt,2008,April,27821.0,-20.6,75988.0,-45.1,2.7
Hamburg,Inland,2008,April,.,.,.,.,.
Hamburg,Ausland,2008,April,.,.,.,.,.
Hamburg,Gesamt,2008,April,.,.,.,.,.
Niedersachsen,Inland,2008,April,32135.0,-45.6,132376.0,-49.4,4.1
Niedersachsen,Ausland,2008,April,3837.0,-22.5,9698.0,-14.2,2.5
Niedersachsen,Gesamt,2008,April,35972.0,-43.9,142074.0,-48.0,3.9
Bremen,Inland,2008,April,.,.,.,.,.
Bremen,Ausland,2008,April,.,.,.,.,.
Bremen,Gesamt,2008,April,.,.,.,.,.
Nordrhein-Westfalen,Inland,2008,April,14607.0,-41.8,38268.0,-50.2,2.6
Nordrhein-Westfalen,Ausland,2008,April,4019.0,6.0,10801.0,-6.6,2.7
Nordrhein-Westfalen,Gesamt,2008,April,18626.0,-35.5,49069.0,-44.5,2.6
Hessen,Inland,2008,April,12835.0,-29.7,41489.0,-25.3,3.2
Hessen,Ausland,2008,April,1749.0,6.9,3822.0,4.6,2.2
Hessen,Gesamt,2008,April,14584.0,-26.7,45311.0,-23.4,3.1
Rheinland-Pfalz,Inland,2008,April,13960.0,-55.9,35065.0,-62.5,2.5
Rheinland-Pfalz,Ausland,2008,April,10478.0,-26.5,34699.0,-13.0,3.3
Rheinland-Pfalz,Gesamt,2008,April,24438.0,-46.8,69764.0,-47.7,2.9
Baden-Württemberg,Inland,2008,April,23537.0,-51.9,79262.0,-53.4,3.4
Baden-Württemberg,Ausland,2008,April,9716.0,-20.0,21183.0,-35.1,2.2
Baden-Württemberg,Gesamt,2008,April,33253.0,-45.6,100445.0,-50.5,3.0
Bayern,Inland,2008,April,27852.0,-51.9,117508.0,-48.3,4.2
Bayern,Ausland,2008,April,7449.0,-24.4,15929.0,-24.6,2.1
Bayern,Gesamt,2008,April,35301.0,-47.9,133437.0,-46.3,3.8
Saarland,Inland,2008,April,793.0,-62.9,1584.0,-71.5,2.0
Saarland,Ausland,2008,April,164.0,-40.8,431.0,-13.5,2.6
Saarland,Gesamt,2008,April,957.0,-60.4,2015.0,-66.8,2.1
Berlin,Inland,2008,April,779.0,-33.8,2495.0,-46.8,3.2
Berlin,Ausland,2008,April,479.0,-5.7,1305.0,-19.7,2.7
Berlin,Gesamt,2008,April,1258.0,-25.3,3800.0,-39.8,3.0
Brandenburg,Inland,2008,April,4889.0,-57.8,12697.0,-59.2,2.6
Brandenburg,Ausland,2008,April,706.0,7.5,2634.0,44.5,3.7
Brandenburg,Gesamt,2008,April,5595.0,-54.3,15331.0,-53.5,2.7
Mecklenburg-Vorpommern,Inland,2008,April,13089.0,-55.3,44154.0,-55.4,3.4
Mecklenburg-Vorpommern,Ausland,2008,April,789.0,5.6,2055.0,-2.0,2.6
Mecklenburg-Vorpommern,Gesamt,2008,April,13878.0,-53.8,46209.0,-54.3,3.3
Sachsen,Inland,2008,April,4050.0,-54.8,13254.0,-50.5,3.3
Sachsen,Ausland,2008,April,495.0,-3.9,1181.0,-12.6,2.4
Sachsen,Gesamt,2008,April,4545.0,-52.0,14435.0,-48.7,3.2
Sachsen-Anhalt,Inland,2008,April,2503.0,-48.2,5913.0,-58.2,2.4
Sachsen-Anhalt,Ausland,2008,April,506.0,75.7,751.0,2.3,1.5
Sachsen-Anhalt,Gesamt,2008,April,3009.0,-41.3,6664.0,-55.2,2.2
Thüringen,Inland,2008,April,1944.0,-51.4,5002.0,-56.3,2.6
Thüringen,Ausland,2008,April,306.0,-8.1,594.0,-23.8,1.9
Thüringen,Gesamt,2008,April,2250.0,-48.0,5596.0,-54.3,2.5
Gesamt,Inland,2008,April,181576.0,-46.1,606013.0,-50.0,3.3
Gesamt,Ausland,2008,April,43134.0,-18.9,109945.0,-20.0,2.5
Gesamt,Gesamt,2008,April,224710.0,-42.4,715958.0,-47.0,3.2
Schleswig-Holstein,Inland,2008,Mai,86780.0,61.7,297360.0,39.9,3.4
Schleswig-Holstein,Ausland,2008,Mai,5028.0,13.4,13005.0,24.4,2.6
Schleswig-Holstein,Gesamt,2008,Mai,91808.0,58.0,310365.0,39.2,3.4
Hamburg,Inland,2008,Mai,.,.,.,.,.
Hamburg,Ausland,2008,Mai,.,.,.,.,.
Hamburg,Gesamt,2008,Mai,.,.,.,.,.
Niedersachsen,Inland,2008,Mai,110133.0,22.0,410351.0,13.0,3.7
Niedersachsen,Ausland,2008,Mai,10583.0,26.8,29929.0,25.1,2.8
Niedersachsen,Gesamt,2008,Mai,120716.0,22.4,440280.0,13.7,3.6
Bremen,Inland,2008,Mai,.,.,.,.,.
Bremen,Ausland,2008,Mai,.,.,.,.,.
Bremen,Gesamt,2008,Mai,.,.,.,.,.
Nordrhein-Westfalen,Inland,2008,Mai,64540.0,36.7,168411.0,16.4,2.6
Nordrhein-Westfalen,Ausland,2008,Mai,9154.0,23.4,30917.0,19.3,3.4
Nordrhein-Westfalen,Gesamt,2008,Mai,73694.0,34.9,199328.0,16.9,2.7
Hessen,Inland,2008,Mai,53757.0,39.5,163637.0,49.7,3.0
Hessen,Ausland,2008,Mai,5546.0,27.4,15246.0,36.8,2.7
Hessen,Gesamt,2008,Mai,59303.0,38.2,178883.0,48.5,3.0
Rheinland-Pfalz,Inland,2008,Mai,66360.0,48.8,199235.0,60.1,3.0
Rheinland-Pfalz,Ausland,2008,Mai,24650.0,8.4,87352.0,18.0,3.5
Rheinland-Pfalz,Gesamt,2008,Mai,91010.0,35.2,286587.0,44.4,3.1
Baden-Württemberg,Inland,2008,Mai,100146.0,73.1,354752.0,66.8,3.5
Baden-Württemberg,Ausland,2008,Mai,25273.0,24.0,66400.0,25.7,2.6
Baden-Württemberg,Gesamt,2008,Mai,125419.0,60.3,421152.0,58.6,3.4
Bayern,Inland,2008,Mai,128958.0,45.4,505083.0,47.3,3.9
Bayern,Ausland,2008,Mai,24089.0,32.5,52887.0,27.2,2.2
Bayern,Gesamt,2008,Mai,153047.0,43.2,557970.0,45.2,3.6
Saarland,Inland,2008,Mai,5592.0,55.3,16930.0,75.4,3.0
Saarland,Ausland,2008,Mai,594.0,30.5,1643.0,59.8,2.8
Saarland,Gesamt,2008,Mai,6186.0,52.5,18573.0,73.9,3.0
Berlin,Inland,2008,Mai,2487.0,28.9,8118.0,31.1,3.3
Berlin,Ausland,2008,Mai,1391.0,72.4,4141.0,52.8,3.0
Berlin,Gesamt,2008,Mai,3878.0,41.7,12259.0,37.7,3.2
Brandenburg,Inland,2008,Mai,39315.0,-1.4,105369.0,0.3,2.7
Brandenburg,Ausland,2008,Mai,3197.0,67.0,8015.0,55.4,2.5
Brandenburg,Gesamt,2008,Mai,42512.0,1.7,113384.0,2.8,2.7
Mecklenburg-Vorpommern,Inland,2008,Mai,96369.0,18.1,332233.0,30.9,3.4
Mecklenburg-Vorpommern,Ausland,2008,Mai,3908.0,36.8,11667.0,46.0,3.0
Mecklenburg-Vorpommern,Gesamt,2008,Mai,100277.0,18.7,343900.0,31.4,3.4
Sachsen,Inland,2008,Mai,27533.0,12.2,78180.0,15.4,2.8
Sachsen,Ausland,2008,Mai,2022.0,18.9,5688.0,16.3,2.8
Sachsen,Gesamt,2008,Mai,29555.0,12.6,83868.0,15.4,2.8
Sachsen-Anhalt,Inland,2008,Mai,16308.0,15.7,42164.0,20.1,2.6
Sachsen-Anhalt,Ausland,2008,Mai,1437.0,21.5,3149.0,48.5,2.2
Sachsen-Anhalt,Gesamt,2008,Mai,17745.0,16.2,45313.0,21.8,2.6
Thüringen,Inland,2008,Mai,14149.0,6.1,37618.0,11.5,2.7
Thüringen,Ausland,2008,Mai,1356.0,0.7,3984.0,25.9,2.9
Thüringen,Gesamt,2008,Mai,15505.0,5.6,41602.0,12.8,2.7
Gesamt,Inland,2008,Mai,817673.0,35.7,2730561.0,34.7,3.3
Gesamt,Ausland,2008,Mai,119065.0,23.2,335431.0,25.1,2.8
Gesamt,Gesamt,2008,Mai,936738.0,34.0,3065992.0,33.6,3.3
Schleswig-Holstein,Inland,2008,Juni,79003.0,34.3,303490.0,1.6,3.8
Schleswig-Holstein,Ausland,2008,Juni,8687.0,11.4,19804.0,12.5,2.3
Schleswig-Holstein,Gesamt,2008,Juni,87690.0,31.6,323294.0,2.2,3.7
Hamburg,Inland,2008,Juni,3707.0,26.5,6687.0,5.9,1.8
Hamburg,Ausland,2008,Juni,1341.0,1.2,2154.0,2.6,1.6
Hamburg,Gesamt,2008,Juni,5048.0,18.6,8841.0,5.0,1.8
Niedersachsen,Inland,2008,Juni,82518.0,7.9,352040.0,4.6,4.3
Niedersachsen,Ausland,2008,Juni,18048.0,30.0,43413.0,29.7,2.4
Niedersachsen,Gesamt,2008,Juni,100566.0,11.3,395453.0,6.9,3.9
Bremen,Inland,2008,Juni,2224.0,.,4096.0,703.1,1.8
Bremen,Ausland,2008,Juni,158.0,172.4,304.0,181.5,1.9
Bremen,Gesamt,2008,Juni,2382.0,860.5,4400.0,612.0,1.8
Nordrhein-Westfalen,Inland,2008,Juni,43338.0,2.8,98933.0,-13.1,2.3
Nordrhein-Westfalen,Ausland,2008,Juni,8881.0,19.9,25353.0,7.9,2.9
Nordrhein-Westfalen,Gesamt,2008,Juni,52219.0,5.4,124286.0,-9.5,2.4
Hessen,Inland,2008,Juni,40424.0,-9.4,128399.0,5.1,3.2
Hessen,Ausland,2008,Juni,8870.0,0.4,22728.0,7.4,2.6
Hessen,Gesamt,2008,Juni,49294.0,-7.8,151127.0,5.4,3.1
Rheinland-Pfalz,Inland,2008,Juni,39475.0,-21.2,112394.0,-27.3,2.8
Rheinland-Pfalz,Ausland,2008,Juni,28185.0,2.8,93355.0,1.8,3.3
Rheinland-Pfalz,Gesamt,2008,Juni,67660.0,-12.7,205749.0,-16.5,3.0
Baden-Württemberg,Inland,2008,Juni,64663.0,-11.2,211339.0,-22.3,3.3
Baden-Württemberg,Ausland,2008,Juni,32902.0,4.7,81613.0,2.2,2.5
Baden-Württemberg,Gesamt,2008,Juni,97565.0,-6.4,292952.0,-16.8,3.0
Bayern,Inland,2008,Juni,98944.0,-20.9,351802.0,-27.9,3.6
Bayern,Ausland,2008,Juni,41841.0,11.7,85144.0,3.8,2.0
Bayern,Gesamt,2008,Juni,140785.0,-13.4,436946.0,-23.4,3.1
Saarland,Inland,2008,Juni,3280.0,-21.4,9729.0,5.1,3.0
Saarland,Ausland,2008,Juni,898.0,14.2,1780.0,13.5,2.0
Saarland,Gesamt,2008,Juni,4178.0,-15.7,11509.0,6.3,2.8
Berlin,Inland,2008,Juni,1605.0,-11.2,5090.0,-21.7,3.2
Berlin,Ausland,2008,Juni,1230.0,1.2,3738.0,11.7,3.0
Berlin,Gesamt,2008,Juni,2835.0,-6.2,8828.0,-10.3,3.1
Brandenburg,Inland,2008,Juni,29256.0,-4.5,74393.0,-1.1,2.5
Brandenburg,Ausland,2008,Juni,4041.0,10.7,11051.0,16.3,2.7
Brandenburg,Gesamt,2008,Juni,33297.0,-2.9,85444.0,0.9,2.6
Mecklenburg-Vorpommern,Inland,2008,Juni,95943.0,15.1,407615.0,21.5,4.2
Mecklenburg-Vorpommern,Ausland,2008,Juni,9073.0,41.9,30601.0,55.6,3.4
Mecklenburg-Vorpommern,Gesamt,2008,Juni,105016.0,17.0,438216.0,23.4,4.2
Sachsen,Inland,2008,Juni,19224.0,-7.1,46942.0,-20.6,2.4
Sachsen,Ausland,2008,Juni,3922.0,12.1,10505.0,-8.3,2.7
Sachsen,Gesamt,2008,Juni,23146.0,-4.3,57447.0,-18.6,2.5
Sachsen-Anhalt,Inland,2008,Juni,12922.0,19.5,29313.0,13.6,2.3
Sachsen-Anhalt,Ausland,2008,Juni,2891.0,23.4,6305.0,33.3,2.2
Sachsen-Anhalt,Gesamt,2008,Juni,15813.0,20.2,35618.0,16.6,2.3
Thüringen,Inland,2008,Juni,10220.0,-5.8,24741.0,-5.9,2.4
Thüringen,Ausland,2008,Juni,2512.0,4.4,7286.0,17.8,2.9
Thüringen,Gesamt,2008,Juni,12732.0,-3.9,32027.0,-1.4,2.5
Gesamt,Inland,2008,Juni,626746.0,-1.4,2167003.0,-7.0,3.5
Gesamt,Ausland,2008,Juni,173480.0,11.3,445134.0,9.1,2.6
Gesamt,Gesamt,2008,Juni,800226.0,1.1,2612137.0,-4.6,3.3
Schleswig-Holstein,Inland,2008,August,154394.0,25.5,762137.0,1.0,4.9
Schleswig-Holstein,Ausland,2008,August,12567.0,4.8,28853.0,1.2,2.3
Schleswig-Holstein,Gesamt,2008,August,166961.0,23.7,790990.0,1.0,4.7
Hamburg,Inland,2008,August,5577.0,13.9,11609.0,22.6,2.1
Hamburg,Ausland,2008,August,1713.0,-1.5,3031.0,8.9,1.8
Hamburg,Gesamt,2008,August,7290.0,9.8,14640.0,19.5,2.0
Niedersachsen,Inland,2008,August,136835.0,0.7,636278.0,-2.6,4.6
Niedersachsen,Ausland,2008,August,24112.0,11.4,70493.0,1.0,2.9
Niedersachsen,Gesamt,2008,August,160947.0,2.2,706771.0,-2.2,4.4
Bremen,Inland,2008,August,2869.0,446.5,5338.0,385.3,1.9
Bremen,Ausland,2008,August,327.0,483.9,599.0,101.7,1.8
Bremen,Gesamt,2008,August,3196.0,450.1,5937.0,325.0,1.9
Nordrhein-Westfalen,Inland,2008,August,61507.0,20.5,155992.0,8.6,2.5
Nordrhein-Westfalen,Ausland,2008,August,15080.0,-3.2,48854.0,-12.9,3.2
Nordrhein-Westfalen,Gesamt,2008,August,76587.0,14.9,204846.0,2.6,2.7
Hessen,Inland,2008,August,52952.0,-16.4,157326.0,-14.0,3.0
Hessen,Ausland,2008,August,14307.0,-1.6,40944.0,16.8,2.9
Hessen,Gesamt,2008,August,67259.0,-13.6,198270.0,-9.0,2.9
Rheinland-Pfalz,Inland,2008,August,58007.0,6.4,173882.0,-0.2,3.0
Rheinland-Pfalz,Ausland,2008,August,47873.0,-1.8,199135.0,-4.8,4.2
Rheinland-Pfalz,Gesamt,2008,August,105880.0,2.6,373017.0,-2.7,3.5
Baden-Württemberg,Inland,2008,August,139832.0,10.8,593223.0,6.7,4.2
Baden-Württemberg,Ausland,2008,August,68140.0,0.9,205611.0,-4.0,3.0
Baden-Württemberg,Gesamt,2008,August,207972.0,7.3,798834.0,3.7,3.8
Bayern,Inland,2008,August,215953.0,17.4,911475.0,6.4,4.2
Bayern,Ausland,2008,August,83121.0,-2.9,195207.0,-7.0,2.3
Bayern,Gesamt,2008,August,299074.0,11.0,1106682.0,3.7,3.7
Saarland,Inland,2008,August,3961.0,-28.6,11081.0,-48.1,2.8
Saarland,Ausland,2008,August,1692.0,20.8,3829.0,11.6,2.3
Saarland,Gesamt,2008,August,5653.0,-18.6,14910.0,-39.9,2.6
Berlin,Inland,2008,August,4144.0,42.6,10768.0,16.5,2.6
Berlin,Ausland,2008,August,4246.0,21.4,12919.0,23.3,3.0
Berlin,Gesamt,2008,August,8390.0,31.0,23687.0,20.1,2.8
Brandenburg,Inland,2008,August,66000.0,-3.5,224982.0,-3.7,3.4
Brandenburg,Ausland,2008,August,5622.0,-0.5,14756.0,-3.4,2.6
Brandenburg,Gesamt,2008,August,71622.0,-3.3,239738.0,-3.6,3.3
Mecklenburg-Vorpommern,Inland,2008,August,242647.0,-0.3,1170536.0,-3.3,4.8
Mecklenburg-Vorpommern,Ausland,2008,August,10775.0,8.3,36589.0,17.5,3.4
Mecklenburg-Vorpommern,Gesamt,2008,August,253422.0,0.0,1207125.0,-2.8,4.8
Sachsen,Inland,2008,August,34452.0,-7.2,108328.0,-10.1,3.1
Sachsen,Ausland,2008,August,5898.0,-7.5,16366.0,-7.0,2.8
Sachsen,Gesamt,2008,August,40350.0,-7.3,124694.0,-9.7,3.1
Sachsen-Anhalt,Inland,2008,August,20445.0,-2.2,51783.0,-12.5,2.5
Sachsen-Anhalt,Ausland,2008,August,3932.0,14.0,7690.0,3.7,2.0
Sachsen-Anhalt,Gesamt,2008,August,24377.0,0.1,59473.0,-10.7,2.4
Thüringen,Inland,2008,August,126896.0,30.3,336061.0,14.9,2.6
Thüringen,Ausland,2008,August,3954.0,-6.9,11228.0,0.1,2.8
Thüringen,Gesamt,2008,August,130850.0,28.7,347289.0,14.4,2.7
Gesamt,Inland,2008,August,1326471.0,8.8,5320799.0,0.8,4.0
Gesamt,Ausland,2008,August,303359.0,0.4,896104.0,-2.9,3.0
Gesamt,Gesamt,2008,August,1629830.0,7.1,6216903.0,0.3,3.8
Schleswig-Holstein,Inland,2008,September,55708.0,64.5,190854.0,5.6,3.4
Schleswig-Holstein,Ausland,2008,September,3858.0,18.9,8385.0,14.3,2.2
Schleswig-Holstein,Gesamt,2008,September,59566.0,60.5,199239.0,5.9,3.3
Hamburg,Inland,2008,September,2945.0,36.9,5148.0,15.9,1.7
Hamburg,Ausland,2008,September,451.0,12.5,748.0,8.7,1.7
Hamburg,Gesamt,2008,September,3396.0,33.1,5896.0,14.9,1.7
Niedersachsen,Inland,2008,September,53514.0,7.3,210929.0,-0.3,3.9
Niedersachsen,Ausland,2008,September,11794.0,73.4,22531.0,19.1,1.9
Niedersachsen,Gesamt,2008,September,65308.0,15.2,233460.0,1.3,3.6
Bremen,Inland,2008,September,2174.0,566.9,4183.0,325.5,1.9
Bremen,Ausland,2008,September,118.0,107.0,231.0,63.8,2.0
Bremen,Gesamt,2008,September,2292.0,498.4,4414.0,292.7,1.9
Nordrhein-Westfalen,Inland,2008,September,28650.0,17.7,68154.0,-8.9,2.4
Nordrhein-Westfalen,Ausland,2008,September,6479.0,23.6,17248.0,2.8,2.7
Nordrhein-Westfalen,Gesamt,2008,September,35129.0,18.8,85402.0,-6.8,2.4
Hessen,Inland,2008,September,21949.0,-4.1,61518.0,-5.7,2.8
Hessen,Ausland,2008,September,4485.0,1.7,11213.0,6.8,2.5
Hessen,Gesamt,2008,September,26434.0,-3.2,72731.0,-3.9,2.8
Rheinland-Pfalz,Inland,2008,September,36955.0,-10.0,118396.0,-7.0,3.2
Rheinland-Pfalz,Ausland,2008,September,23701.0,5.6,88330.0,4.6,3.7
Rheinland-Pfalz,Gesamt,2008,September,60656.0,-4.5,206726.0,-2.4,3.4
Baden-Württemberg,Inland,2008,September,52284.0,4.7,217937.0,7.3,4.2
Baden-Württemberg,Ausland,2008,September,19765.0,17.9,52644.0,20.0,2.7
Baden-Württemberg,Gesamt,2008,September,72049.0,8.0,270581.0,9.6,3.8
Bayern,Inland,2008,September,82318.0,12.3,356285.0,12.9,4.3
Bayern,Ausland,2008,September,27559.0,7.9,66547.0,13.0,2.4
Bayern,Gesamt,2008,September,109877.0,11.1,422832.0,12.9,3.8
Saarland,Inland,2008,September,1439.0,-2.0,3103.0,-26.9,2.2
Saarland,Ausland,2008,September,438.0,-21.2,920.0,-26.0,2.1
Saarland,Gesamt,2008,September,1877.0,-7.3,4023.0,-26.7,2.1
Berlin,Inland,2008,September,1373.0,-5.1,5361.0,11.5,3.9
Berlin,Ausland,2008,September,1155.0,62.0,4391.0,92.3,3.8
Berlin,Gesamt,2008,September,2528.0,17.0,9752.0,37.5,3.9
Brandenburg,Inland,2008,September,15060.0,3.9,44880.0,6.0,3.0
Brandenburg,Ausland,2008,September,1667.0,-10.4,5077.0,-1.6,3.0
Brandenburg,Gesamt,2008,September,16727.0,2.3,49957.0,5.2,3.0
Mecklenburg-Vorpommern,Inland,2008,September,54815.0,8.6,237737.0,6.9,4.3
Mecklenburg-Vorpommern,Ausland,2008,September,3404.0,40.3,10746.0,53.6,3.2
Mecklenburg-Vorpommern,Gesamt,2008,September,58219.0,10.0,248483.0,8.4,4.3
Sachsen,Inland,2008,September,10066.0,-16.9,31178.0,-17.8,3.1
Sachsen,Ausland,2008,September,1299.0,-3.6,4080.0,-0.8,3.1
Sachsen,Gesamt,2008,September,11365.0,-15.6,35258.0,-16.1,3.1
Sachsen-Anhalt,Inland,2008,September,7699.0,27.4,19221.0,21.7,2.5
Sachsen-Anhalt,Ausland,2008,September,828.0,-1.7,1914.0,-1.5,2.3
Sachsen-Anhalt,Gesamt,2008,September,8527.0,23.8,21135.0,19.2,2.5
Thüringen,Inland,2008,September,5630.0,-1.5,15844.0,-3.9,2.8
Thüringen,Ausland,2008,September,1030.0,-31.6,3305.0,-17.1,3.2
Thüringen,Gesamt,2008,September,6660.0,-7.8,19149.0,-6.5,2.9
Gesamt,Inland,2008,September,432579.0,11.1,1590728.0,4.1,3.7
Gesamt,Ausland,2008,September,108031.0,14.7,298310.0,11.6,2.8
Gesamt,Gesamt,2008,September,540610.0,11.8,1889038.0,5.2,3.5
Schleswig-Holstein,Inland,2008,Oktober,28162.0,89.1,94326.0,8.0,3.3
Schleswig-Holstein,Ausland,2008,Oktober,1978.0,18.6,4815.0,28.2,2.4
Schleswig-Holstein,Gesamt,2008,Oktober,30140.0,82.0,99141.0,8.8,3.3
Hamburg,Inland,2008,Oktober,2338.0,46.6,5555.0,57.3,2.4
Hamburg,Ausland,2008,Oktober,230.0,-6.5,499.0,43.8,2.2
Hamburg,Gesamt,2008,Oktober,2568.0,39.5,6054.0,56.1,2.4
Niedersachsen,Inland,2008,Oktober,42240.0,20.5,195597.0,6.5,4.6
Niedersachsen,Ausland,2008,Oktober,2805.0,-12.9,7001.0,-15.6,2.5
Niedersachsen,Gesamt,2008,Oktober,45045.0,17.7,202598.0,5.6,4.5
Bremen,Inland,2008,Oktober,1935.0,497.2,3669.0,274.0,1.9
Bremen,Ausland,2008,Oktober,85.0,19.7,174.0,4.2,2.0
Bremen,Gesamt,2008,Oktober,2020.0,411.4,3843.0,234.8,1.9
Nordrhein-Westfalen,Inland,2008,Oktober,19471.0,42.4,57912.0,9.8,3.0
Nordrhein-Westfalen,Ausland,2008,Oktober,3280.0,22.4,8990.0,2.9,2.7
Nordrhein-Westfalen,Gesamt,2008,Oktober,22751.0,39.1,66902.0,8.9,2.9
Hessen,Inland,2008,Oktober,14648.0,13.3,44908.0,15.5,3.1
Hessen,Ausland,2008,Oktober,1527.0,48.7,3509.0,26.5,2.3
Hessen,Gesamt,2008,Oktober,16175.0,15.9,48417.0,16.2,3.0
Rheinland-Pfalz,Inland,2008,Oktober,30510.0,4.8,100729.0,4.8,3.3
Rheinland-Pfalz,Ausland,2008,Oktober,11204.0,2.2,42197.0,0.7,3.8
Rheinland-Pfalz,Gesamt,2008,Oktober,41714.0,4.1,142926.0,3.5,3.4
Baden-Württemberg,Inland,2008,Oktober,32154.0,10.9,132600.0,1.8,4.1
Baden-Württemberg,Ausland,2008,Oktober,9321.0,50.6,23530.0,19.6,2.5
Baden-Württemberg,Gesamt,2008,Oktober,41475.0,17.9,156130.0,4.2,3.8
Bayern,Inland,2008,Oktober,47073.0,8.6,202764.0,0.5,4.3
Bayern,Ausland,2008,Oktober,9373.0,-10.5,25174.0,-13.0,2.7
Bayern,Gesamt,2008,Oktober,56446.0,4.9,227938.0,-1.2,4.0
Saarland,Inland,2008,Oktober,708.0,-18.8,1952.0,-48.4,2.8
Saarland,Ausland,2008,Oktober,196.0,168.5,398.0,226.2,2.0
Saarland,Gesamt,2008,Oktober,904.0,-4.3,2350.0,-39.9,2.6
Berlin,Inland,2008,Oktober,994.0,7.9,4285.0,13.5,4.3
Berlin,Ausland,2008,Oktober,415.0,29.7,1494.0,52.4,3.6
Berlin,Gesamt,2008,Oktober,1409.0,13.5,5779.0,21.5,4.1
Brandenburg,Inland,2008,Oktober,6916.0,17.2,21769.0,12.5,3.1
Brandenburg,Ausland,2008,Oktober,602.0,68.2,1716.0,69.2,2.9
Brandenburg,Gesamt,2008,Oktober,7518.0,20.1,23485.0,15.3,3.1
Mecklenburg-Vorpommern,Inland,2008,Oktober,21433.0,11.7,97754.0,14.7,4.6
Mecklenburg-Vorpommern,Ausland,2008,Oktober,636.0,-4.1,1810.0,7.7,2.8
Mecklenburg-Vorpommern,Gesamt,2008,Oktober,22069.0,11.2,99564.0,14.6,4.5
Sachsen,Inland,2008,Oktober,6343.0,1.1,22443.0,3.1,3.5
Sachsen,Ausland,2008,Oktober,296.0,-12.4,1063.0,10.3,3.6
Sachsen,Gesamt,2008,Oktober,6639.0,0.4,23506.0,3.4,3.5
Sachsen-Anhalt,Inland,2008,Oktober,4198.0,29.2,12534.0,21.6,3.0
Sachsen-Anhalt,Ausland,2008,Oktober,268.0,32.0,786.0,79.0,2.9
Sachsen-Anhalt,Gesamt,2008,Oktober,4466.0,29.4,13320.0,23.9,3.0
Thüringen,Inland,2008,Oktober,2903.0,-2.8,8189.0,-7.9,2.8
Thüringen,Ausland,2008,Oktober,229.0,-16.7,569.0,-16.1,2.5
Thüringen,Gesamt,2008,Oktober,3132.0,-4.0,8758.0,-8.5,2.8
Gesamt,Inland,2008,Oktober,262026.0,19.5,1006986.0,6.2,3.8
Gesamt,Ausland,2008,Oktober,42445.0,9.5,123725.0,2.7,2.9
Gesamt,Gesamt,2008,Oktober,304471.0,18.0,1130711.0,5.8,3.7
Schleswig-Holstein,Inland,2008,November,3792.0,285.4,6001.0,84.8,1.6
Schleswig-Holstein,Ausland,2008,November,380.0,134.6,869.0,224.3,2.3
Schleswig-Holstein,Gesamt,2008,November,4172.0,264.0,6870.0,95.4,1.6
Hamburg,Inland,2008,November,826.0,-29.2,1314.0,-44.5,1.6
Hamburg,Ausland,2008,November,.,.,.,.,.
Hamburg,Gesamt,2008,November,826.0,-29.5,1314.0,-44.7,1.6
Niedersachsen,Inland,2008,November,6342.0,2.7,20046.0,-16.3,3.2
Niedersachsen,Ausland,2008,November,505.0,3.1,1157.0,-10.4,2.3
Niedersachsen,Gesamt,2008,November,6847.0,2.7,21203.0,-16.0,3.1
Bremen,Inland,2008,November,883.0,.,1648.0,583.8,1.9
Bremen,Ausland,2008,November,12.0,200.0,27.0,92.9,2.3
Bremen,Gesamt,2008,November,895.0,.,1675.0,556.9,1.9
Nordrhein-Westfalen,Inland,2008,November,5386.0,37.3,13068.0,-5.0,2.4
Nordrhein-Westfalen,Ausland,2008,November,984.0,32.3,2231.0,-11.5,2.3
Nordrhein-Westfalen,Gesamt,2008,November,6370.0,36.5,15299.0,-6.0,2.4
Hessen,Inland,2008,November,3370.0,3.2,10329.0,-10.8,3.1
Hessen,Ausland,2008,November,248.0,226.3,480.0,108.7,1.9
Hessen,Gesamt,2008,November,3618.0,8.2,10809.0,-8.5,3.0
Rheinland-Pfalz,Inland,2008,November,2947.0,-12.6,7050.0,-17.8,2.4
Rheinland-Pfalz,Ausland,2008,November,723.0,14.9,3117.0,42.7,4.3
Rheinland-Pfalz,Gesamt,2008,November,3670.0,-8.2,10167.0,-5.5,2.8
Baden-Württemberg,Inland,2008,November,6438.0,17.7,26417.0,-4.0,4.1
Baden-Württemberg,Ausland,2008,November,1964.0,43.8,4717.0,16.0,2.4
Baden-Württemberg,Gesamt,2008,November,8402.0,22.9,31134.0,-1.4,3.7
Bayern,Inland,2008,November,7735.0,11.8,38814.0,-4.3,5.0
Bayern,Ausland,2008,November,615.0,-35.1,1829.0,-36.1,3.0
Bayern,Gesamt,2008,November,8350.0,6.2,40643.0,-6.4,4.9
Saarland,Inland,2008,November,115.0,98.3,437.0,0.2,3.8
Saarland,Ausland,2008,November,39.0,875.0,48.0,100.0,1.2
Saarland,Gesamt,2008,November,154.0,148.4,485.0,5.4,3.1
Berlin,Inland,2008,November,227.0,4.1,861.0,-20.8,3.8
Berlin,Ausland,2008,November,121.0,83.3,386.0,42.4,3.2
Berlin,Gesamt,2008,November,348.0,22.5,1247.0,-8.2,3.6
Brandenburg,Inland,2008,November,335.0,-64.7,1101.0,-75.3,3.3
Brandenburg,Ausland,2008,November,41.0,-24.1,168.0,-52.0,4.1
Brandenburg,Gesamt,2008,November,376.0,-62.5,1269.0,-73.7,3.4
Mecklenburg-Vorpommern,Inland,2008,November,1297.0,0.9,7062.0,5.5,5.4
Mecklenburg-Vorpommern,Ausland,2008,November,14.0,-12.5,130.0,712.5,9.3
Mecklenburg-Vorpommern,Gesamt,2008,November,1311.0,0.7,7192.0,7.2,5.5
Sachsen,Inland,2008,November,1228.0,127.0,2638.0,72.8,2.1
Sachsen,Ausland,2008,November,83.0,9.2,127.0,-18.1,1.5
Sachsen,Gesamt,2008,November,1311.0,112.5,2765.0,64.4,2.1
Sachsen-Anhalt,Inland,2008,November,504.0,35.5,2604.0,122.4,5.2
Sachsen-Anhalt,Ausland,2008,November,21.0,10.5,84.0,133.3,4.0
Sachsen-Anhalt,Gesamt,2008,November,525.0,34.3,2688.0,122.7,5.1
Thüringen,Inland,2008,November,424.0,9.0,1262.0,7.7,3.0
Thüringen,Ausland,2008,November,13.0,-38.1,59.0,11.3,4.5
Thüringen,Gesamt,2008,November,437.0,6.6,1321.0,7.8,3.0
Gesamt,Inland,2008,November,41849.0,19.0,140652.0,-5.2,3.4
Gesamt,Ausland,2008,November,5763.0,23.2,15429.0,7.5,2.7
Gesamt,Gesamt,2008,November,47612.0,19.5,156081.0,-4.1,3.3
Schleswig-Holstein,Inland,2008,Dezember,4796.0,288.3,9261.0,119.5,1.9
Schleswig-Holstein,Ausland,2008,Dezember,452.0,167.5,1002.0,122.7,2.2
Schleswig-Holstein,Gesamt,2008,Dezember,5248.0,273.8,10263.0,119.8,2.0
Hamburg,Inland,2008,Dezember,.,.,.,.,.
Hamburg,Ausland,2008,Dezember,.,.,.,.,.
Hamburg,Gesamt,2008,Dezember,.,.,.,.,.
Niedersachsen,Inland,2008,Dezember,7462.0,6.6,30947.0,-2.5,4.1
Niedersachsen,Ausland,2008,Dezember,388.0,23.6,1438.0,49.2,3.7
Niedersachsen,Gesamt,2008,Dezember,7850.0,7.3,32385.0,-1.0,4.1
Bremen,Inland,2008,Dezember,1066.0,.,1889.0,690.4,1.8
Bremen,Ausland,2008,Dezember,6.0,0.0,13.0,-38.1,2.2
Bremen,Gesamt,2008,Dezember,1072.0,.,1902.0,631.5,1.8
Nordrhein-Westfalen,Inland,2008,Dezember,7330.0,44.2,18147.0,3.9,2.5
Nordrhein-Westfalen,Ausland,2008,Dezember,1511.0,16.0,3407.0,-13.9,2.3
Nordrhein-Westfalen,Gesamt,2008,Dezember,8841.0,38.4,21554.0,0.6,2.4
Hessen,Inland,2008,Dezember,3526.0,-3.5,12156.0,-17.4,3.4
Hessen,Ausland,2008,Dezember,225.0,52.0,748.0,29.0,3.3
Hessen,Gesamt,2008,Dezember,3751.0,-1.4,12904.0,-15.6,3.4
Rheinland-Pfalz,Inland,2008,Dezember,1957.0,-7.1,5933.0,-2.6,3.0
Rheinland-Pfalz,Ausland,2008,Dezember,627.0,-18.1,2352.0,-6.1,3.8
Rheinland-Pfalz,Gesamt,2008,Dezember,2584.0,-10.0,8285.0,-3.6,3.2
Baden-Württemberg,Inland,2008,Dezember,6224.0,10.4,29246.0,7.3,4.7
Baden-Württemberg,Ausland,2008,Dezember,2205.0,23.3,5746.0,10.2,2.6
Baden-Württemberg,Gesamt,2008,Dezember,8429.0,13.5,34992.0,7.7,4.2
Bayern,Inland,2008,Dezember,13896.0,26.3,82294.0,22.6,5.9
Bayern,Ausland,2008,Dezember,2009.0,28.9,5820.0,-13.3,2.9
Bayern,Gesamt,2008,Dezember,15905.0,26.7,88114.0,19.4,5.5
Saarland,Inland,2008,Dezember,71.0,238.1,241.0,141.0,3.4
Saarland,Ausland,2008,Dezember,4.0,.,4.0,.,1.0
Saarland,Gesamt,2008,Dezember,75.0,257.1,245.0,145.0,3.3
Berlin,Inland,2008,Dezember,136.0,49.5,545.0,21.9,4.0
Berlin,Ausland,2008,Dezember,114.0,142.6,263.0,69.7,2.3
Berlin,Gesamt,2008,Dezember,250.0,81.2,808.0,34.2,3.2
Brandenburg,Inland,2008,Dezember,472.0,39.2,1223.0,52.5,2.6
Brandenburg,Ausland,2008,Dezember,21.0,110.0,83.0,295.2,4.0
Brandenburg,Gesamt,2008,Dezember,493.0,41.3,1306.0,58.7,2.6
Mecklenburg-Vorpommern,Inland,2008,Dezember,2357.0,37.4,10041.0,37.7,4.3
Mecklenburg-Vorpommern,Ausland,2008,Dezember,18.0,100.0,46.0,253.8,2.6
Mecklenburg-Vorpommern,Gesamt,2008,Dezember,2375.0,37.8,10087.0,38.0,4.2
Sachsen,Inland,2008,Dezember,1304.0,-9.4,4999.0,-13.9,3.8
Sachsen,Ausland,2008,Dezember,22.0,-15.4,57.0,-50.0,2.6
Sachsen,Gesamt,2008,Dezember,1326.0,-9.5,5056.0,-14.6,3.8
Sachsen-Anhalt,Inland,2008,Dezember,802.0,69.6,2640.0,13.0,3.3
Sachsen-Anhalt,Ausland,2008,Dezember,34.0,209.1,137.0,71.3,4.0
Sachsen-Anhalt,Gesamt,2008,Dezember,836.0,72.7,2777.0,14.9,3.3
Thüringen,Inland,2008,Dezember,524.0,5.6,2272.0,40.3,4.3
Thüringen,Ausland,2008,Dezember,31.0,181.8,95.0,295.8,3.1
Thüringen,Gesamt,2008,Dezember,555.0,9.5,2367.0,44.1,4.3
Gesamt,Inland,2008,Dezember,51923.0,28.6,211834.0,13.1,4.1
Gesamt,Ausland,2008,Dezember,7667.0,24.3,21211.0,1.9,2.8
Gesamt,Gesamt,2008,Dezember,59590.0,28.1,233045.0,12.0,3.9
